Token	Gold annotation	Candidates	Prediction	Gold ann in candidates?	Correct?	sent id	sent date
VIRGINIA	Q64358128	Q907713 Q2207776 Q986681 Q255427 Q2611949 Q7934081 Q1027286 Q5160568 Q1278485 Q7934095 Q6680038 Q7934089 Q7934091 Q1370 Q1784907 Q7934092 Q7934090 Q1564064 Q2943247 Q6505686 Q7934082 Q678015 Q154933 Q1425173 Q1787215 Q579625 Q26996719 Q3820061 Q607350 Q7934083 Q27983961	Q1370	False	False	# hipe2022:document_id = sn83030483-1790-01-02-a-i0004	# hipe2022:date = 1790-01-02	B-loc
NEW - YORK	Q60	NIL	NIL	False	False	# hipe2022:document_id = sn83030483-1790-01-02-a-i0004	# hipe2022:date = 1790-01-02	B-loc
SEPT . 28 , 1780	NIL	NIL	NIL	True	True	# hipe2022:document_id = sn83030483-1790-01-02-a-i0004	# hipe2022:date = 1790-01-02	B-time
Uni ¬ ted Stares	Q30	NIL	NIL	False	False	# hipe2022:document_id = sn83030483-1790-01-02-a-i0004	# hipe2022:date = 1790-01-02	B-loc
Journal of the Senate	Q7891333	NIL	NIL	False	False	# hipe2022:document_id = sn83030483-1790-01-02-a-i0004	# hipe2022:date = 1790-01-02	B-prod
WILLIAM GRAYSON	NIL	Q471060	Q471060	False	False	# hipe2022:document_id = sn83030483-1790-01-02-a-i0004	# hipe2022:date = 1790-01-02	B-pers
PRESIDENT SULL IVAN	Q886420	NIL	NIL	False	False	# hipe2022:document_id = sn83030483-1790-02-10-a-i0002	# hipe2022:date = 1790-02-10	B-pers
Senate	Q1525949	Q1254104 Q586461 Q2570643 Q2118303 Q2119267 Q3510858 Q927191 Q7449985 Q1253647 Q637846 Q264113 Q1142439 Q177147 Q2119458 Q2119404 Q389423 Q59486 Q122635 Q3055339 Q215987 Q659211 Q1127591 Q5080059 Q3510849 Q2398781 Q3510861 Q1316045 Q14759322 Q841180 Q783330 Q1149788 Q16934005 Q21022191 Q66096 Q7449995 Q3510869 Q969494 Q2571392 Q1418426 Q7450034 Q1563075 Q3510838 Q3510889 Q7449994 Q1355042 Q3510854 Q3510836 Q633872 Q3510846 Q98975 Q3510853 Q28135987 Q3510843 Q6978858 Q827490 Q2117771 Q27881014 Q3510871 Q590176 Q1207095 Q1699171 Q2118566 Q7449988 Q64744338 Q2117711 Q3510840 Q1466018 Q2993611 Q855343	Q66096	False	False	# hipe2022:document_id = sn83030483-1790-02-10-a-i0002	# hipe2022:date = 1790-02-10	B-org
House ^ / ' Represen ¬ tatives	Q1525939	NIL	NIL	False	False	# hipe2022:document_id = sn83030483-1790-02-10-a-i0002	# hipe2022:date = 1790-02-10	B-org
New - Hampshire	Q759	NIL	NIL	False	False	# hipe2022:document_id = sn83030483-1790-02-10-a-i0002	# hipe2022:date = 1790-02-10	B-loc
New - Humpfhire	Q759	NIL	NIL	False	False	# hipe2022:document_id = sn83030483-1790-02-10-a-i0002	# hipe2022:date = 1790-02-10	B-loc
United States	Q30	Q1968496 Q4005656 Q1269370 Q1545509 Q3965121 Q185989 Q30 Q48525 Q16959097	Q30	True	True	# hipe2022:document_id = sn83030483-1790-02-10-a-i0002	# hipe2022:date = 1790-02-10	B-loc
New - Hampffiire	Q759	NIL	NIL	False	False	# hipe2022:document_id = sn83030483-1790-02-10-a-i0002	# hipe2022:date = 1790-02-10	B-loc
Federal Court	Q194907	Q3001081 Q194907	Q194907	True	True	# hipe2022:document_id = sn83030483-1790-02-10-a-i0002	# hipe2022:date = 1790-02-10	B-org
Senate of the United States	Q66096	Q66096	Q66096	True	True	# hipe2022:document_id = sn83030483-1790-02-10-a-i0002	# hipe2022:date = 1790-02-10	B-org
New - Hampfttire	Q759	NIL	NIL	False	False	# hipe2022:document_id = sn83030483-1790-02-10-a-i0002	# hipe2022:date = 1790-02-10	B-loc
United States	Q30	Q1968496 Q4005656 Q1269370 Q1545509 Q3965121 Q185989 Q30 Q48525 Q16959097	Q30	True	True	# hipe2022:document_id = sn83030483-1790-02-10-a-i0002	# hipe2022:date = 1790-02-10	B-loc
JOHN SULLIVAN	Q886420	Q16029260 Q6259610 Q60693827 Q18158553 Q886420 Q6259608 Q6259632 Q949384 Q6259616 Q6259624 Q7094853 Q3396287 Q6259603 Q6259614 Q6259630	Q886420	True	True	# hipe2022:document_id = sn83030483-1790-02-10-a-i0002	# hipe2022:date = 1790-02-10	B-pers
Dec . 29 , 1789	NIL	NIL	NIL	True	True	# hipe2022:document_id = sn83030483-1790-02-10-a-i0002	# hipe2022:date = 1790-02-10	B-time
LONDON	Q84	Q6669774 Q1785229 Q3959711 Q5273606 Q20657974 Q935090 Q28868399 Q261303 Q14710970 Q1137312 Q3836562 Q45765 Q3836563 Q10569133 Q6669769 Q6669738 Q6669771 Q1001456 Q3836565 Q23306 Q7239605 Q60578265 Q1442133 Q783669 Q6669761 Q3061911 Q750084 Q1431928 Q1749384 Q6669767 Q1449564 Q5633181 Q6669736 Q6669757 Q79348 Q6669763 Q28163686 Q5123767 Q96239426 Q16001535 Q3258936 Q3284727 Q15056579 Q1363808 Q2477346 Q24045410 Q6669759 Q1749569 Q84 Q6669754 Q92561	Q84	True	True	# hipe2022:document_id = sn83030483-1790-03-03-a-i0004	# hipe2022:date = 1790-03-03	B-loc
ofBruffels	Q239	NIL	NIL	False	False	# hipe2022:document_id = sn83030483-1790-03-03-a-i0004	# hipe2022:date = 1790-03-03	B-loc
Brufiels	Q239	NIL	NIL	False	False	# hipe2022:document_id = sn83030483-1790-03-03-a-i0004	# hipe2022:date = 1790-03-03	B-loc
General D ’ Alton	Q3934904	NIL	NIL	False	False	# hipe2022:document_id = sn83030483-1790-03-03-a-i0004	# hipe2022:date = 1790-03-03	B-pers
Benden - D ’ Aloft	NIL	NIL	NIL	True	True	# hipe2022:document_id = sn83030483-1790-03-03-a-i0004	# hipe2022:date = 1790-03-03	B-pers
Grand Pa ¬ lace	NIL	NIL	NIL	True	True	# hipe2022:document_id = sn83030483-1790-03-03-a-i0004	# hipe2022:date = 1790-03-03	B-loc
General D ’ Alton	Q3934904	NIL	NIL	False	False	# hipe2022:document_id = sn83030483-1790-03-03-a-i0004	# hipe2022:date = 1790-03-03	B-pers
Bafleville	NIL	NIL	NIL	True	True	# hipe2022:document_id = sn83030483-1790-03-03-a-i0004	# hipe2022:date = 1790-03-03	B-loc
great market	Q215429	NIL	NIL	False	False	# hipe2022:document_id = sn83030483-1790-03-03-a-i0004	# hipe2022:date = 1790-03-03	B-loc
Park	Q1892311	Q715935 Q7543083 Q4846582 Q7137598 Q793559 Q6501349 Q7137600 Q156385 Q2901291 Q22698 Q26791316 Q7137585 Q219086 Q7137597 Q7137599 Q1838716 Q496644 Q18068400 Q5175720 Q3365392 Q2292274 Q10344987 Q54114 Q7137601 Q312742 Q7137582 Q750428 Q7756140 Q595452 Q3887854 Q1660943	Q22698	False	False	# hipe2022:document_id = sn83030483-1790-03-03-a-i0004	# hipe2022:date = 1790-03-03	B-loc
Pal ¬ ace Royale	Q635307	NIL	NIL	False	False	# hipe2022:document_id = sn83030483-1790-03-03-a-i0004	# hipe2022:date = 1790-03-03	B-loc
D ’ Alton	Q3934904	NIL	NIL	False	False	# hipe2022:document_id = sn83030483-1790-03-03-a-i0004	# hipe2022:date = 1790-03-03	B-pers
Porte de Namur	Q3399071	Q3399071 NIL	Q3399071	True	True	# hipe2022:document_id = sn83030483-1790-03-03-a-i0004	# hipe2022:date = 1790-03-03	B-loc
Gazstte of the Unites States	Q1496634	NIL	NIL	False	False	# hipe2022:document_id = sn84026272-1800-07-09-a-i0003	# hipe2022:date = 1800-07-09	B-prod
THOMAS JEFFERSON , Vise President of the Unit . ! States	Q11812	NIL	NIL	False	False	# hipe2022:document_id = sn84026272-1800-07-09-a-i0003	# hipe2022:date = 1800-07-09	B-pers
Philad	NIL	NIL	NIL	True	True	# hipe2022:document_id = sn84026272-1800-07-09-a-i0003	# hipe2022:date = 1800-07-09	B-loc
July 3 , 1800	NIL	NIL	NIL	True	True	# hipe2022:document_id = sn84026272-1800-07-09-a-i0003	# hipe2022:date = 1800-07-09	B-time
United States	Q30	Q1968496 Q4005656 Q1269370 Q1545509 Q3965121 Q185989 Q30 Q48525 Q16959097	Q30	True	True	# hipe2022:document_id = sn84026272-1800-07-09-a-i0003	# hipe2022:date = 1800-07-09	B-loc
America	Q30	Q463081 Q60751010 Q338285 Q97181621 Q17511620 Q1850907 Q4749632 Q1052042 Q4742713 Q4749635 Q85772276 Q23309806 Q23467020 Q4749633 Q2842802 Q4742708 Q4742711 Q104790923 Q22251882 Q482251 Q4742716 Q4742707 Q1112443 Q828 Q4742714 Q2420785 Q4742725 Q4745665 Q4655832 Q30 Q126852 Q4742728 Q4742712 Q4742719 Q16491652 Q4742863 Q4742710 Q4742619 Q4742724 Q18762246 Q2621772 Q2842807 Q34195 Q2400442 Q4742717 Q4742709 Q7131705 Q4033897 Q1247400 Q47499411 Q4742729 Q4064165 Q4742720 Q4742723 Q463110 Q6072379 Q463147 Q20894546 Q7872812 Q2842803 Q482262 Q2844820 Q548133 Q2844832 Q1777174 Q4742727 Q2127180 Q3055389 Q482249 Q4742722	Q30	True	True	# hipe2022:document_id = sn84026272-1800-07-09-a-i0003	# hipe2022:date = 1800-07-09	B-loc
Virginia	Q1370	Q907713 Q2207776 Q986681 Q255427 Q2611949 Q7934081 Q1027286 Q5160568 Q1278485 Q7934095 Q6680038 Q7934089 Q7934091 Q1370 Q1784907 Q7934092 Q7934090 Q1564064 Q2943247 Q6505686 Q7934082 Q678015 Q154933 Q1425173 Q1787215 Q579625 Q26996719 Q3820061 Q607350 Q7934083 Q27983961	Q1370	True	True	# hipe2022:document_id = sn84026272-1800-07-09-a-i0003	# hipe2022:date = 1800-07-09	B-loc
America	Q30	Q463081 Q60751010 Q338285 Q97181621 Q17511620 Q1850907 Q4749632 Q1052042 Q4742713 Q4749635 Q85772276 Q23309806 Q23467020 Q4749633 Q2842802 Q4742708 Q4742711 Q104790923 Q22251882 Q482251 Q4742716 Q4742707 Q1112443 Q828 Q4742714 Q2420785 Q4742725 Q4745665 Q4655832 Q30 Q126852 Q4742728 Q4742712 Q4742719 Q16491652 Q4742863 Q4742710 Q4742619 Q4742724 Q18762246 Q2621772 Q2842807 Q34195 Q2400442 Q4742717 Q4742709 Q7131705 Q4033897 Q1247400 Q47499411 Q4742729 Q4064165 Q4742720 Q4742723 Q463110 Q6072379 Q463147 Q20894546 Q7872812 Q2842803 Q482262 Q2844820 Q548133 Q2844832 Q1777174 Q4742727 Q2127180 Q3055389 Q482249 Q4742722	Q30	True	True	# hipe2022:document_id = sn84026272-1800-07-09-a-i0003	# hipe2022:date = 1800-07-09	B-loc
COLUMBUS	NIL	Q2170410 Q509813 Q5149990 Q60749216 Q2463946 Q4175020 Q20754773 Q5149989 Q30612286 Q106922 Q5149977 Q155935 Q5149991 Q53855527 Q1993556 Q28954096 Q961735 Q5149984 Q239870 Q975782 Q600142 Q5149988 Q2026104 Q5013344 Q5149979 Q16567 Q21427266 Q2315759 Q2984581 Q3708769 Q985648 Q5149981 Q7322 Q1112742 Q2277724 Q20982529 Q932391 Q5149987 Q1570063 Q941870 Q2232985 NIL	Q16567	True	False	# hipe2022:document_id = sn84026272-1800-07-09-a-i0003	# hipe2022:date = 1800-07-09	B-pers
District of Pennsylvania	Q7163624	NIL	NIL	False	False	# hipe2022:document_id = sn84026272-1800-10-16-a-i0001	# hipe2022:date = 1800-10-16	B-loc
United States of America	Q30	Q1269370 Q7892550 Q166433 Q30	Q30	True	True	# hipe2022:document_id = sn84026272-1800-10-16-a-i0001	# hipe2022:date = 1800-10-16	B-loc
Alexan ¬ der Addison	NIL	NIL	NIL	True	True	# hipe2022:document_id = sn84026272-1800-10-16-a-i0001	# hipe2022:date = 1800-10-16	B-pers
State of Pennsylvania	Q7603789	Q1400	Q1400	False	False	# hipe2022:document_id = sn84026272-1800-10-16-a-i0001	# hipe2022:date = 1800-10-16	B-org
Alexander Addison , President of the Courts of Common Pleas of me Fifth Cir ¬ cuit of the State of Pennlylvann	Q25184130	NIL	NIL	False	False	# hipe2022:document_id = sn84026272-1800-10-16-a-i0001	# hipe2022:date = 1800-10-16	B-pers
Congress of the Uni ¬ ted States	Q11268	NIL	NIL	False	False	# hipe2022:document_id = sn84026272-1800-10-16-a-i0001	# hipe2022:date = 1800-10-16	B-org
D.C * I.DWELL , Clerl of lie DiJtriEl of Peonsyl v aoisA	NIL	NIL	NIL	True	True	# hipe2022:document_id = sn84026272-1800-10-16-a-i0001	# hipe2022:date = 1800-10-16	B-pers
Mr , Dobson Bookseller	NIL	NIL	NIL	True	True	# hipe2022:document_id = sn84026272-1800-10-16-a-i0001	# hipe2022:date = 1800-10-16	B-pers
Hereford street	NIL	NIL	NIL	True	True	# hipe2022:document_id = sn84026272-1800-12-27-a-i0002	# hipe2022:date = 1800-12-27	B-loc
Sept . 8 , 1800	NIL	NIL	NIL	True	True	# hipe2022:document_id = sn84026272-1800-12-27-a-i0002	# hipe2022:date = 1800-12-27	B-time
Fiance	Q142	Q157512 NIL	Q157512	False	False	# hipe2022:document_id = sn84026272-1800-12-27-a-i0002	# hipe2022:date = 1800-12-27	B-loc
OTTO	NIL	Q27906759 Q37489 Q153484 Q7109493 Q2915183 Q7109492 Q2791874 Q3710633 Q18029644 Q2001851 Q28451729 Q9053591 Q77650 Q60153 Q5948211	Q153484	False	False	# hipe2022:document_id = sn84026272-1800-12-27-a-i0002	# hipe2022:date = 1800-12-27	B-pers
Col . Thomas Duff , Esq .	NIL	NIL	NIL	True	True	# hipe2022:document_id = sn82014385-1810-01-06-a-i0001	# hipe2022:date = 1810-01-06	B-pers
Newport—consisting	Q755805	NIL	NIL	False	False	# hipe2022:document_id = sn82014385-1810-01-06-a-i0001	# hipe2022:date = 1810-01-06	B-loc
Christiana	Q11103025	Q8345620 Q5110411 Q423446 Q5110414 Q768065 Q5110412 Q5110892 Q1133883 Q1009864 Q268211 Q5110423 Q1082602	Q268211	False	False	# hipe2022:document_id = sn82014385-1810-01-06-a-i0001	# hipe2022:date = 1810-01-06	B-loc
Turnpike road	NIL	Q2739432 Q16939396 Q191316 NIL NIL	Q16939396	True	False	# hipe2022:document_id = sn82014385-1810-01-06-a-i0001	# hipe2022:date = 1810-01-06	B-loc
Gap Ta ¬ vern	NIL	NIL	NIL	True	True	# hipe2022:document_id = sn82014385-1810-01-06-a-i0001	# hipe2022:date = 1810-01-06	B-loc
Lancaster	NIL	Q14683036 Q990612 Q6483074 Q320514 Q2276252 Q105278 Q2536779 Q142369 Q597323 Q6483088 Q1919987 Q6483082 Q494711 Q205905 Q3216911 Q38249820 Q6483071 Q6483070 Q495090 Q609191 Q6483093 Q203622 Q1013953 Q7373062 Q6483085 Q2427213 Q965683 Q986005 Q3661917 Q6483099 Q976739 Q730847 Q484530 Q505941 Q168052	Q320514	False	False	# hipe2022:document_id = sn82014385-1810-01-06-a-i0001	# hipe2022:date = 1810-01-06	B-loc
state of Delaware	Q1393	Q1393	Q1393	True	True	# hipe2022:document_id = sn82014385-1810-01-06-a-i0001	# hipe2022:date = 1810-01-06	B-loc
TIICWAS DUFF , Esquire	NIL	NIL	NIL	True	True	# hipe2022:document_id = sn82014385-1810-01-06-a-i0001	# hipe2022:date = 1810-01-06	B-pers
Mrs . FIug ™ ns	NIL	NIL	NIL	True	True	# hipe2022:document_id = sn82014385-1810-01-06-a-i0001	# hipe2022:date = 1810-01-06	B-pers
Wilmington	Q174224	Q8022722 Q8022735 Q3709202 Q8022730 Q949651 Q8022724 Q8022731 Q8022725 Q18395072 Q3322244 Q659400 Q847779 Q174224 Q18163199 Q576212 Q2480324 Q8022782 Q951858 Q370101	Q174224	True	True	# hipe2022:document_id = sn82014385-1810-01-06-a-i0001	# hipe2022:date = 1810-01-06	B-loc
Wilmington	Q174224	Q8022722 Q8022735 Q3709202 Q8022730 Q949651 Q8022724 Q8022731 Q8022725 Q18395072 Q3322244 Q659400 Q847779 Q174224 Q18163199 Q576212 Q2480324 Q8022782 Q951858 Q370101	Q174224	True	True	# hipe2022:document_id = sn82014385-1810-01-06-a-i0001	# hipe2022:date = 1810-01-06	B-loc
Dec . 8 th , 1 80 ! )	NIL	NIL	NIL	True	True	# hipe2022:document_id = sn82014385-1810-01-06-a-i0001	# hipe2022:date = 1810-01-06	B-time
SPAIN	Q29	Q1432594 Q7572848 Q4825180 Q16254367 Q2306509 Q29 Q2905661 Q7572850 Q23709427 Q42267 Q1821882 Q16390686 Q7572851 Q205583	Q29	True	True	# hipe2022:document_id = sn82014385-1810-04-04-a-i0003	# hipe2022:date = 1810-04-04	B-loc
Captain Taylor	NIL	NIL	NIL	True	True	# hipe2022:document_id = sn82014385-1810-04-04-a-i0003	# hipe2022:date = 1810-04-04	B-pers
Philadelphia	Q1345	Q7182605 Q138280 Q689874 Q2085762 Q7182609 Q935334 Q3471231 Q15962428 Q426337 Q7182598 Q2490406 Q496900 Q204057 Q512128 Q5406013 Q2288745 Q1345 Q659181 Q224214 Q7182599	Q1345	True	True	# hipe2022:document_id = sn82014385-1810-04-04-a-i0003	# hipe2022:date = 1810-04-04	B-loc
Cadiz	Q15682	Q1430781 Q2887470 Q1925015 Q1020688 Q5016510 Q81978 Q5016509 Q2318000 Q630752 Q1658253 Q2438851 Q15682 Q17070213	Q15682	True	True	# hipe2022:document_id = sn82014385-1810-04-04-a-i0003	# hipe2022:date = 1810-04-04	B-loc
Sierra Morena	Q686362	Q686362 Q14924809	Q686362	True	True	# hipe2022:document_id = sn82014385-1810-04-04-a-i0003	# hipe2022:date = 1810-04-04	B-loc
Seville—drove	Q8717	NIL	NIL	False	False	# hipe2022:document_id = sn82014385-1810-04-04-a-i0003	# hipe2022:date = 1810-04-04	B-loc
Cadiz—cap	Q15682	NIL	NIL	False	False	# hipe2022:document_id = sn82014385-1810-04-04-a-i0003	# hipe2022:date = 1810-04-04	B-loc
Port Maria	Q203040	Q265115 NIL	Q265115	False	False	# hipe2022:document_id = sn82014385-1810-04-04-a-i0003	# hipe2022:date = 1810-04-04	B-loc
Cadiz	Q15682	Q1430781 Q2887470 Q1925015 Q1020688 Q5016510 Q81978 Q5016509 Q2318000 Q630752 Q1658253 Q2438851 Q15682 Q17070213	Q15682	True	True	# hipe2022:document_id = sn82014385-1810-04-04-a-i0003	# hipe2022:date = 1810-04-04	B-loc
Cadiz	Q15682	Q1430781 Q2887470 Q1925015 Q1020688 Q5016510 Q81978 Q5016509 Q2318000 Q630752 Q1658253 Q2438851 Q15682 Q17070213	Q15682	True	True	# hipe2022:document_id = sn82014385-1810-04-04-a-i0003	# hipe2022:date = 1810-04-04	B-loc
Cadiz	Q15682	Q1430781 Q2887470 Q1925015 Q1020688 Q5016510 Q81978 Q5016509 Q2318000 Q630752 Q1658253 Q2438851 Q15682 Q17070213	Q15682	True	True	# hipe2022:document_id = sn82014385-1810-04-04-a-i0003	# hipe2022:date = 1810-04-04	B-loc
Ferdinand	Q186256	Q18501 Q81661 Q3068502 Q3068696 Q18740903 Q5443792 Q12860 Q1990598 Q1512033 Q3276175 Q5443794 Q3068556 Q50922 Q2112845 Q1978632 Q1367374 Q6373973	Q12860	False	False	# hipe2022:document_id = sn82014385-1810-04-04-a-i0003	# hipe2022:date = 1810-04-04	B-pers
Cadiz Bay	NIL	NIL	NIL	True	True	# hipe2022:document_id = sn82014385-1810-04-04-a-i0003	# hipe2022:date = 1810-04-04	B-loc
Iliea	NIL	NIL	NIL	True	True	# hipe2022:document_id = sn82014385-1810-04-04-a-i0003	# hipe2022:date = 1810-04-04	B-loc
Purvis	NIL	Q21449563 Q2273168	Q2273168	False	False	# hipe2022:document_id = sn82014385-1810-04-04-a-i0003	# hipe2022:date = 1810-04-04	B-pers
Cadiz	Q15682	Q1430781 Q2887470 Q1925015 Q1020688 Q5016510 Q81978 Q5016509 Q2318000 Q630752 Q1658253 Q2438851 Q15682 Q17070213	Q15682	True	True	# hipe2022:document_id = sn82014385-1810-04-04-a-i0003	# hipe2022:date = 1810-04-04	B-loc
Cadiz	Q15682	Q1430781 Q2887470 Q1925015 Q1020688 Q5016510 Q81978 Q5016509 Q2318000 Q630752 Q1658253 Q2438851 Q15682 Q17070213	Q15682	True	True	# hipe2022:document_id = sn82014385-1810-04-04-a-i0003	# hipe2022:date = 1810-04-04	B-loc
Phila ¬ delphia	Q1345	NIL	NIL	False	False	# hipe2022:document_id = sn82014385-1810-04-04-a-i0003	# hipe2022:date = 1810-04-04	B-loc
Messrs . 7 ? . Lee Sr	NIL	NIL	NIL	True	True	# hipe2022:document_id = sn82014385-1810-04-14-a-i0004	# hipe2022:date = 1810-04-14	B-pers
Mr . Vance	NIL	NIL	NIL	True	True	# hipe2022:document_id = sn82014385-1810-04-14-a-i0004	# hipe2022:date = 1810-04-14	B-pers
178 Market - street	NIL	NIL	NIL	True	True	# hipe2022:document_id = sn82014385-1810-04-14-a-i0004	# hipe2022:date = 1810-04-14	B-loc
George Harwcod	NIL	NIL	NIL	True	True	# hipe2022:document_id = sn82014385-1810-04-14-a-i0004	# hipe2022:date = 1810-04-14	B-pers
Market street , Baltimore	NIL	NIL	NIL	True	True	# hipe2022:document_id = sn82014385-1810-04-14-a-i0004	# hipe2022:date = 1810-04-14	B-loc
United States	Q30	Q1968496 Q4005656 Q1269370 Q1545509 Q3965121 Q185989 Q30 Q48525 Q16959097	Q30	True	True	# hipe2022:document_id = sn82014385-1810-05-30-a-i0001	# hipe2022:date = 1810-05-30	B-loc
Senate	Q66096	Q1254104 Q586461 Q2570643 Q2118303 Q2119267 Q3510858 Q927191 Q7449985 Q1253647 Q637846 Q264113 Q1142439 Q177147 Q2119458 Q2119404 Q389423 Q59486 Q122635 Q3055339 Q215987 Q659211 Q1127591 Q5080059 Q3510849 Q2398781 Q3510861 Q1316045 Q14759322 Q841180 Q783330 Q1149788 Q16934005 Q21022191 Q66096 Q7449995 Q3510869 Q969494 Q2571392 Q1418426 Q7450034 Q1563075 Q3510838 Q3510889 Q7449994 Q1355042 Q3510854 Q3510836 Q633872 Q3510846 Q98975 Q3510853 Q28135987 Q3510843 Q6978858 Q827490 Q2117771 Q27881014 Q3510871 Q590176 Q1207095 Q1699171 Q2118566 Q7449988 Q64744338 Q2117711 Q3510840 Q1466018 Q2993611 Q855343	Q66096	True	True	# hipe2022:document_id = sn82014385-1810-05-30-a-i0001	# hipe2022:date = 1810-05-30	B-org
House of U Representatives of the United States oj America	Q11701	NIL	NIL	False	False	# hipe2022:document_id = sn82014385-1810-05-30-a-i0001	# hipe2022:date = 1810-05-30	B-org
United Stares	Q30	NIL	NIL	False	False	# hipe2022:document_id = sn82014385-1810-05-30-a-i0001	# hipe2022:date = 1810-05-30	B-loc
United States	Q30	Q1968496 Q4005656 Q1269370 Q1545509 Q3965121 Q185989 Q30 Q48525 Q16959097	Q30	True	True	# hipe2022:document_id = sn82014385-1810-05-30-a-i0001	# hipe2022:date = 1810-05-30	B-loc
United Slates	Q30	NIL	NIL	False	False	# hipe2022:document_id = sn82014385-1810-05-30-a-i0001	# hipe2022:date = 1810-05-30	B-loc
J . B . Varnum , Speaker of the House of Representatives	Q1706673	NIL	NIL	False	False	# hipe2022:document_id = sn82014385-1810-05-30-a-i0001	# hipe2022:date = 1810-05-30	B-pers
John Gaillard , President of the Senate , pro tem	Q1700157	NIL	NIL	False	False	# hipe2022:document_id = sn82014385-1810-05-30-a-i0001	# hipe2022:date = 1810-05-30	B-pers
May 1 , 1810	NIL	NIL	NIL	True	True	# hipe2022:document_id = sn82014385-1810-05-30-a-i0001	# hipe2022:date = 1810-05-30	B-time
JAMES MADISON	Q11813	Q11813 Q258943 Q6138743 Q268217	Q11813	True	True	# hipe2022:document_id = sn82014385-1810-05-30-a-i0001	# hipe2022:date = 1810-05-30	B-pers
ALEX VNDKIA BATHS	NIL	NIL	NIL	True	True	# hipe2022:document_id = sn83026170-1820-05-25-a-i0003	# hipe2022:date = 1820-05-25	B-loc
Mrs . M . Garner	NIL	NIL	NIL	True	True	# hipe2022:document_id = sn83026170-1820-05-25-a-i0003	# hipe2022:date = 1820-05-25	B-pers
Tho ¬ mas Shields	NIL	NIL	NIL	True	True	# hipe2022:document_id = sn83026170-1820-05-25-a-i0003	# hipe2022:date = 1820-05-25	B-pers
Alexandria	Q88	Q1022942 Q961844 Q985351 Q22341297 Q3095610 Q538210 Q474573 Q2222666 Q4720988 Q2915846 Q29943 Q521651 Q4720930 Q156734 Q5016719 Q20899021 Q4720998 Q269633 Q994509 Q1030219 Q5355027 Q4595336 Q4720932 Q88 Q1240659 Q2472495 Q4720931 Q994809 Q1130791 Q170838 Q6088 Q87 Q209929 Q2414602 Q623073 Q4720569 Q3300252	Q87	True	False	# hipe2022:document_id = sn83026170-1820-05-25-a-i0003	# hipe2022:date = 1820-05-25	B-loc
IRELAXD	Q57695350	NIL	NIL	False	False	# hipe2022:document_id = sn83026170-1820-06-07-a-i0002	# hipe2022:date = 1820-06-07	B-loc
Cork papers	NIL	NIL	NIL	True	True	# hipe2022:document_id = sn83026170-1820-06-07-a-i0002	# hipe2022:date = 1820-06-07	B-prod
CharTevillc	Q1066722	NIL	NIL	False	False	# hipe2022:document_id = sn83026170-1820-06-07-a-i0002	# hipe2022:date = 1820-06-07	B-loc
THE AMERICA * FARMER	NIL	NIL	NIL	True	True	# hipe2022:document_id = sn83026170-1820-09-09-a-i0004	# hipe2022:date = 1820-09-09	B-prod
AMERICAN FARMER	NIL	Q4743740	Q4743740	False	False	# hipe2022:document_id = sn83026170-1820-09-09-a-i0004	# hipe2022:date = 1820-09-09	B-prod
2d of April 1819	NIL	NIL	NIL	True	True	# hipe2022:document_id = sn83026170-1820-09-09-a-i0004	# hipe2022:date = 1820-09-09	B-time
American Farmer	NIL	Q4743740	Q4743740	False	False	# hipe2022:document_id = sn83026170-1820-09-09-a-i0004	# hipe2022:date = 1820-09-09	B-prod
Baltimore	Q5092	Q4852767 Q4852770 Q7562056 Q488668 Q1493988 Q4852760 Q16208590 Q3475794 Q4852773 Q2700425 Q1889293 Q21762471 Q5092 Q4852772 Q2316859 Q3374785 Q2345059 Q4852759 Q3424471 Q4852769 Q4852768 Q805740	Q5092	True	True	# hipe2022:document_id = sn83026170-1820-09-09-a-i0004	# hipe2022:date = 1820-09-09	B-loc
Memoirs of ihe Agricultural Society of Philadelphia	NIL	NIL	NIL	True	True	# hipe2022:document_id = sn83026170-1820-09-09-a-i0004	# hipe2022:date = 1820-09-09	B-prod
American Farmer	NIL	Q4743740	Q4743740	False	False	# hipe2022:document_id = sn83026170-1820-09-09-a-i0004	# hipe2022:date = 1820-09-09	B-prod
Unit ; d States	Q30	NIL	NIL	False	False	# hipe2022:document_id = sn83026170-1820-09-09-a-i0004	# hipe2022:date = 1820-09-09	B-loc
United States	Q30	Q1968496 Q4005656 Q1269370 Q1545509 Q3965121 Q185989 Q30 Q48525 Q16959097	Q30	True	True	# hipe2022:document_id = sn83026170-1820-09-09-a-i0004	# hipe2022:date = 1820-09-09	B-loc
Agricultural Soci ety	NIL	NIL	NIL	True	True	# hipe2022:document_id = sn83026170-1820-09-09-a-i0004	# hipe2022:date = 1820-09-09	B-org
Maryland	Q1391	Q2452027 Q1395091 Q6781253 Q6781252 Q3296280 Q4281446 Q921118 Q19824786 Q870138 Q1391 Q6781256 Q783642 Q3708363	Q1391	True	True	# hipe2022:document_id = sn83026170-1820-09-09-a-i0004	# hipe2022:date = 1820-09-09	B-loc
United States	Q30	Q1968496 Q4005656 Q1269370 Q1545509 Q3965121 Q185989 Q30 Q48525 Q16959097	Q30	True	True	# hipe2022:document_id = sn83026170-1820-09-09-a-i0004	# hipe2022:date = 1820-09-09	B-loc
ROB . MOORE	NIL	NIL	NIL	True	True	# hipe2022:document_id = sn83026170-1820-09-09-a-i0004	# hipe2022:date = 1820-09-09	B-pers
NEWECHOTA	Q7007061	NIL	NIL	False	False	# hipe2022:document_id = sn83020874-1830-02-03-a-i0003	# hipe2022:date = 1830-02-03	B-loc
FEBRUARY 3,1880	NIL	NIL	NIL	True	True	# hipe2022:document_id = sn83020874-1830-02-03-a-i0003	# hipe2022:date = 1830-02-03	B-time
New York	Q60	Q769668 Q457275 Q7012955 Q64351964 Q20926350 Q1246630 Q1507987 Q7992349 Q2720168 Q11790885 Q12270765 Q20874688 Q11299 Q3875476 Q1251262 Q16956354 Q16978999 Q903253 Q17021430 Q48800189 Q3451110 Q22654 Q530355 Q39073080 Q2051696 Q19894720 Q1365153 Q2604045 Q16623588 Q54451 Q5239300 Q21123 Q65090331 Q47005414 Q29095183 Q60 Q7668516 Q7012986 Q1259585 Q7012934 Q7012990 Q1384	Q60	True	True	# hipe2022:document_id = sn83020874-1830-02-03-a-i0003	# hipe2022:date = 1830-02-03	B-loc
Philadelphia	Q1345	Q7182605 Q138280 Q689874 Q2085762 Q7182609 Q935334 Q3471231 Q15962428 Q426337 Q7182598 Q2490406 Q496900 Q204057 Q512128 Q5406013 Q2288745 Q1345 Q659181 Q224214 Q7182599	Q1345	True	True	# hipe2022:document_id = sn83020874-1830-02-03-a-i0003	# hipe2022:date = 1830-02-03	B-loc
New Haven	NIL	Q748020 Q1893816 Q3473062 Q2835695 Q10748543 Q2513216 Q11124577 Q6119589 Q964958 Q54234 Q2672381 Q7008477 Q8004327 Q49145 Q3708222 Q2598370	Q49145	False	False	# hipe2022:document_id = sn83020874-1830-02-03-a-i0003	# hipe2022:date = 1830-02-03	B-loc
Hartford	NIL	Q2222873 Q5674387 Q5674391 Q1587168 Q14686645 Q5674385 Q14709910 Q16870537 Q79238 Q33486 Q2650963 Q1920650 Q612406 Q1587114 Q5674404 Q2211873 Q1897716 Q80181 Q54236 Q3450349 Q1569368 Q2731278 Q5674558 Q1022761	Q33486	False	False	# hipe2022:document_id = sn83020874-1830-02-03-a-i0003	# hipe2022:date = 1830-02-03	B-loc
New York memorial	NIL	NIL	NIL	True	True	# hipe2022:document_id = sn83020874-1830-02-03-a-i0003	# hipe2022:date = 1830-02-03	B-loc
Committee on Indian Adairs	Q7891269	NIL	NIL	False	False	# hipe2022:document_id = sn83020874-1830-02-03-a-i0003	# hipe2022:date = 1830-02-03	B-org
Washington	Q61	Q56149 Q2555815 Q7971603 Q496486 Q761885 Q3470551 Q495979 Q506907 Q502929 Q1879629 Q7866745 Q486486 Q25301 Q2416989 Q777403 Q540250 Q386189 Q505380 Q2914511 Q1088831 Q989456 Q501157 Q594697 Q7971619 Q495037 Q6808754 Q2349496 Q1026008 Q482386 Q27240 Q23 Q511164 Q304671 Q3566499 Q1373453 Q7875308 Q7971604 Q54258 Q568305 Q61 Q486040 Q489571 Q939412 Q1999182 Q7971644 Q3566503 Q2705899 Q79281 Q1013498 Q2029442 Q489486 Q501559 Q2446223 Q507256 Q510915 Q2184036 Q467194 Q3178632 Q7971616 Q1018557 Q773030 Q466835 Q485401 Q7971602 Q575163 Q7971606 Q61148 Q2431532 Q373886 Q312487 Q1967325 Q156444 Q166186 Q7971605 Q484538 Q319871 Q263418 Q1223 Q1018448 Q85847988 Q643274 Q498286 Q507587 Q497200 Q7972144 Q485408 Q484643 Q25915599 Q3448011 Q7971610	Q61	True	True	# hipe2022:document_id = sn83020874-1830-03-03-a-i0004	# hipe2022:date = 1830-03-03	B-loc
January 25 , 1830	NIL	NIL	NIL	True	True	# hipe2022:document_id = sn83020874-1830-03-03-a-i0004	# hipe2022:date = 1830-03-03	B-time
New - York	Q60	NIL	NIL	False	False	# hipe2022:document_id = sn83020874-1830-03-03-a-i0004	# hipe2022:date = 1830-03-03	B-loc
HENRY R . STORRS	NIL	NIL	NIL	True	True	# hipe2022:document_id = sn83020874-1830-03-03-a-i0004	# hipe2022:date = 1830-03-03	B-pers
Chariest - n Mercury	Q5084157	NIL	NIL	False	False	# hipe2022:document_id = sn84020750-1840-02-08-a-i0002	# hipe2022:date = 1840-02-08	B-prod
Messrs . Clay	NIL	NIL	NIL	True	True	# hipe2022:document_id = sn84020750-1840-02-08-a-i0002	# hipe2022:date = 1840-02-08	B-pers
Walk ¬ er	NIL	NIL	NIL	True	True	# hipe2022:document_id = sn84020750-1840-02-08-a-i0002	# hipe2022:date = 1840-02-08	B-pers
Clay	NIL	Q751424 Q5129825 Q111831 Q170449 Q491966 Q109631 Q376120 Q684627 Q42302 Q5129810 Q3622423 Q111291 Q1627382 Q319630 Q2745112 Q79472 Q22907296 Q369360 Q489273 Q5129809 Q1815659 Q5129811 Q13431137 Q847673 Q61330 Q48422 Q156580 Q706363 Q2464425 Q17121537 Q502516 Q156570 Q1524109 Q488853 Q484474 Q110417 Q499542 Q494818 Q5006706 Q5129821 Q156488 Q490740 NIL	Q42302	True	False	# hipe2022:document_id = sn84020750-1840-02-08-a-i0002	# hipe2022:date = 1840-02-08	B-pers
Otmndagiia ( N . A . ) Standard	Q7757854	NIL	NIL	False	False	# hipe2022:document_id = sn84020750-1840-07-04-a-i0001	# hipe2022:date = 1840-07-04	B-prod
Mr . poinsett	Q723956	NIL	NIL	False	False	# hipe2022:document_id = sn84020750-1840-07-04-a-i0001	# hipe2022:date = 1840-07-04	B-pers
Gen . Harrison	Q11869	NIL	NIL	False	False	# hipe2022:document_id = sn84020750-1840-07-04-a-i0001	# hipe2022:date = 1840-07-04	B-pers
Gen . Harrison	Q11869	NIL	NIL	False	False	# hipe2022:document_id = sn84020750-1840-07-04-a-i0001	# hipe2022:date = 1840-07-04	B-pers
Gen . Ilarrisou	Q11869	NIL	NIL	False	False	# hipe2022:document_id = sn84020750-1840-07-04-a-i0001	# hipe2022:date = 1840-07-04	B-pers
Louisville Legion	NIL	Q4641434 NIL	Q4641434	True	False	# hipe2022:document_id = sn84020750-1840-07-04-a-i0001	# hipe2022:date = 1840-07-04	B-org
Gen . Harrison	Q11869	NIL	NIL	False	False	# hipe2022:document_id = sn84020750-1840-07-04-a-i0001	# hipe2022:date = 1840-07-04	B-pers
Gen . Harrison	Q11869	NIL	NIL	False	False	# hipe2022:document_id = sn84020750-1840-07-04-a-i0001	# hipe2022:date = 1840-07-04	B-pers
Western State Journal	Q7663027	NIL	NIL	False	False	# hipe2022:document_id = sn84020750-1840-07-04-a-i0001	# hipe2022:date = 1840-07-04	B-prod
Gen.Harrison	Q11869	NIL	NIL	False	False	# hipe2022:document_id = sn84020750-1840-07-04-a-i0001	# hipe2022:date = 1840-07-04	B-pers
Mr . Poinsett	Q723956	NIL	NIL	False	False	# hipe2022:document_id = sn84020750-1840-07-04-a-i0001	# hipe2022:date = 1840-07-04	B-pers
Mr . Yan ! Buren	Q11820	NIL	NIL	False	False	# hipe2022:document_id = sn84020750-1840-07-04-a-i0001	# hipe2022:date = 1840-07-04	B-pers
the Pennsylvanian	NIL	Q654593	Q654593	False	False	# hipe2022:document_id = sn84020750-1840-07-18-a-i0001	# hipe2022:date = 1840-07-18	B-prod
Harrisburg	Q25280	Q2028024 Q2266776 Q2541735 Q79652 Q2498612 Q3888046 Q3710649 Q956750 Q5665326 Q5665185 Q576252 Q25280 Q5665195 Q5665196 Q5665189 Q4180430 Q3458906	Q25280	True	True	# hipe2022:document_id = sn84020750-1840-07-18-a-i0001	# hipe2022:date = 1840-07-18	B-loc
June 26 , 1S40	NIL	NIL	NIL	True	True	# hipe2022:document_id = sn84020750-1840-07-18-a-i0001	# hipe2022:date = 1840-07-18	B-time
Philadelphia	Q1345	Q7182605 Q138280 Q689874 Q2085762 Q7182609 Q935334 Q3471231 Q15962428 Q426337 Q7182598 Q2490406 Q496900 Q204057 Q512128 Q5406013 Q2288745 Q1345 Q659181 Q224214 Q7182599	Q1345	True	True	# hipe2022:document_id = sn84020750-1840-07-18-a-i0001	# hipe2022:date = 1840-07-18	B-loc
Pennsylvania	Q1400	Q2475732 Q7394194 Q7163634 Q1400 Q1777290 Q49117 Q1390318	Q1400	True	True	# hipe2022:document_id = sn84020750-1840-07-18-a-i0001	# hipe2022:date = 1840-07-18	B-loc
Penn ¬ sylvania	Q1400	NIL	NIL	False	False	# hipe2022:document_id = sn84020750-1840-07-18-a-i0001	# hipe2022:date = 1840-07-18	B-loc
Pennsylvania	Q1400	Q2475732 Q7394194 Q7163634 Q1400 Q1777290 Q49117 Q1390318	Q1400	True	True	# hipe2022:document_id = sn84020750-1840-07-18-a-i0001	# hipe2022:date = 1840-07-18	B-loc
Pensylvania	Q1400	Q1400	Q1400	True	True	# hipe2022:document_id = sn84020750-1840-07-18-a-i0001	# hipe2022:date = 1840-07-18	B-loc
Pencj	Q1400	NIL	NIL	False	False	# hipe2022:document_id = sn84020750-1840-07-18-a-i0001	# hipe2022:date = 1840-07-18	B-loc
Pennsylvania	Q1400	Q2475732 Q7394194 Q7163634 Q1400 Q1777290 Q49117 Q1390318	Q1400	True	True	# hipe2022:document_id = sn84020750-1840-07-18-a-i0001	# hipe2022:date = 1840-07-18	B-loc
Pensylvania	Q1400	Q1400	Q1400	True	True	# hipe2022:document_id = sn84020750-1840-07-18-a-i0001	# hipe2022:date = 1840-07-18	B-loc
democratic	Q7163696	Q7163696 NIL	Q7163696	True	True	# hipe2022:document_id = sn84020750-1840-07-18-a-i0001	# hipe2022:date = 1840-07-18	B-org
Penn	Q1400	NIL	NIL	False	False	# hipe2022:document_id = sn84020750-1840-07-18-a-i0001	# hipe2022:date = 1840-07-18	B-loc
democratic	Q7163696	Q7163696 NIL	Q7163696	True	True	# hipe2022:document_id = sn84020750-1840-07-18-a-i0001	# hipe2022:date = 1840-07-18	B-org
DAVID	NIL	NIL	NIL	True	True	# hipe2022:document_id = sn84020750-1840-07-18-a-i0001	# hipe2022:date = 1840-07-18	B-pers
Elizabeth Cita ’ Co . , A ' a .	Q3688168	NIL	NIL	False	False	# hipe2022:document_id = sn84020750-1840-08-15-a-i0001	# hipe2022:date = 1840-08-15	B-loc
31n . Van Buren	Q11820	NIL	NIL	False	False	# hipe2022:document_id = sn84020750-1840-08-15-a-i0001	# hipe2022:date = 1840-08-15	B-pers
Elisabeth City County , Ea	Q3688168	NIL	NIL	False	False	# hipe2022:document_id = sn84020750-1840-08-15-a-i0001	# hipe2022:date = 1840-08-15	B-loc
June 12 , 1840	NIL	NIL	NIL	True	True	# hipe2022:document_id = sn84020750-1840-08-15-a-i0001	# hipe2022:date = 1840-08-15	B-time
District of Columbia	Q61	Q5283438 Q60768213 Q61 Q5535257	Q61	True	True	# hipe2022:document_id = sn84020750-1840-08-15-a-i0001	# hipe2022:date = 1840-08-15	B-loc
NIr Poinsett	Q723956	NIL	NIL	False	False	# hipe2022:document_id = sn84020750-1840-08-15-a-i0001	# hipe2022:date = 1840-08-15	B-pers
Nlr Harrison	Q11869	NIL	NIL	False	False	# hipe2022:document_id = sn84020750-1840-08-15-a-i0001	# hipe2022:date = 1840-08-15	B-pers
South	Q81931	Q667 Q60284880 Q910981 Q7565338 Q7565341 Q7565340 Q23718 Q207989 Q81931 Q2304261 Q721983 Q710222 Q936704 Q3492216 Q7358655 Q65046440 Q1583349 Q1419190 Q138671 Q4254113 Q54453 Q7565339 Q204796 Q13572981 Q49042 Q7565337 Q857122 Q7329152 Q1684191	Q81931	True	True	# hipe2022:document_id = sn84020750-1840-08-15-a-i0001	# hipe2022:date = 1840-08-15	B-loc
JOHN I ? . CARY	NIL	NIL	NIL	True	True	# hipe2022:document_id = sn84020750-1840-08-15-a-i0001	# hipe2022:date = 1840-08-15	B-pers
J . A . CARY	NIL	NIL	NIL	True	True	# hipe2022:document_id = sn84020750-1840-08-15-a-i0001	# hipe2022:date = 1840-08-15	B-pers
It ' asliington	Q61	NIL	NIL	False	False	# hipe2022:document_id = sn84020750-1840-08-15-a-i0001	# hipe2022:date = 1840-08-15	B-loc
James river	Q422487	Q18638796 Q1218597 Q422487 Q6142140 Q933598 Q6142142 Q57445130 Q1542610 Q6142137	Q422487	True	True	# hipe2022:document_id = sn85042404-1880-01-27-a-i0004	# hipe2022:date = 1880-01-27	B-loc
Peter Auberton	NIL	NIL	NIL	True	True	# hipe2022:document_id = sn85042404-1880-01-27-a-i0004	# hipe2022:date = 1880-01-27	B-pers
Mr . Auberton	NIL	NIL	NIL	True	True	# hipe2022:document_id = sn85042404-1880-01-27-a-i0004	# hipe2022:date = 1880-01-27	B-pers
Mr . Auberton	NIL	NIL	NIL	True	True	# hipe2022:document_id = sn85042404-1880-01-27-a-i0004	# hipe2022:date = 1880-01-27	B-pers
Stutsman county	Q511498	Q511498 NIL	Q511498	True	True	# hipe2022:document_id = sn85042404-1880-01-27-a-i0004	# hipe2022:date = 1880-01-27	B-loc
Steve Venard	NIL	NIL	NIL	True	True	# hipe2022:document_id = sn85042404-1880-03-09-a-i0004	# hipe2022:date = 1880-03-09	B-pers
in 1866	NIL	NIL	NIL	True	True	# hipe2022:document_id = sn85042404-1880-03-09-a-i0004	# hipe2022:date = 1880-03-09	B-time
Nevada , Col .	NIL	NIL	NIL	True	True	# hipe2022:document_id = sn85042404-1880-03-09-a-i0004	# hipe2022:date = 1880-03-09	B-loc
Yenard	NIL	NIL	NIL	True	True	# hipe2022:document_id = sn85042404-1880-03-09-a-i0004	# hipe2022:date = 1880-03-09	B-pers
Yenard	NIL	NIL	NIL	True	True	# hipe2022:document_id = sn85042404-1880-03-09-a-i0004	# hipe2022:date = 1880-03-09	B-pers
Yenard	NIL	NIL	NIL	True	True	# hipe2022:document_id = sn85042404-1880-03-09-a-i0004	# hipe2022:date = 1880-03-09	B-pers
Venard	NIL	NIL	NIL	True	True	# hipe2022:document_id = sn85042404-1880-03-09-a-i0004	# hipe2022:date = 1880-03-09	B-pers
Venard	NIL	NIL	NIL	True	True	# hipe2022:document_id = sn85042404-1880-03-09-a-i0004	# hipe2022:date = 1880-03-09	B-pers
Yenard	NIL	NIL	NIL	True	True	# hipe2022:document_id = sn85042404-1880-03-09-a-i0004	# hipe2022:date = 1880-03-09	B-pers
Ve ¬ nard	NIL	NIL	NIL	True	True	# hipe2022:document_id = sn85042404-1880-03-09-a-i0004	# hipe2022:date = 1880-03-09	B-pers
Mr . Lees	NIL	NIL	NIL	True	True	# hipe2022:document_id = sn85042404-1880-05-04-a-i0002	# hipe2022:date = 1880-05-04	B-pers
Mr . McKechnie	NIL	NIL	NIL	True	True	# hipe2022:document_id = sn85042404-1880-05-04-a-i0002	# hipe2022:date = 1880-05-04	B-pers
Mrs . Shoe ¬ maker	NIL	NIL	NIL	True	True	# hipe2022:document_id = sn85042404-1880-05-04-a-i0002	# hipe2022:date = 1880-05-04	B-pers
Mrs . Shoemaker	NIL	NIL	NIL	True	True	# hipe2022:document_id = sn85042404-1880-05-04-a-i0002	# hipe2022:date = 1880-05-04	B-pers
Stur ¬ geon Lendcr	NIL	NIL	NIL	True	True	# hipe2022:document_id = sn88068010-1890-02-13-a-i0003	# hipe2022:date = 1890-02-13	B-prod
Miss Nettie White	NIL	NIL	NIL	True	True	# hipe2022:document_id = sn88068010-1890-02-13-a-i0003	# hipe2022:date = 1890-02-13	B-pers
Robt . L . Winn	NIL	NIL	NIL	True	True	# hipe2022:document_id = sn88068010-1890-02-13-a-i0003	# hipe2022:date = 1890-02-13	B-pers
Miss White.at	NIL	NIL	NIL	True	True	# hipe2022:document_id = sn88068010-1890-02-13-a-i0003	# hipe2022:date = 1890-02-13	B-pers
Chas	NIL	Q4507537 Q30670007 Q886561 Q5011047	Q886561	False	False	# hipe2022:document_id = sn88068010-1890-02-13-a-i0003	# hipe2022:date = 1890-02-13	B-pers
Robt . Winn	NIL	NIL	NIL	True	True	# hipe2022:document_id = sn88068010-1890-02-13-a-i0003	# hipe2022:date = 1890-02-13	B-pers
Robt .	NIL	NIL	NIL	True	True	# hipe2022:document_id = sn88068010-1890-02-13-a-i0003	# hipe2022:date = 1890-02-13	B-pers
Robt .	NIL	NIL	NIL	True	True	# hipe2022:document_id = sn88068010-1890-02-13-a-i0003	# hipe2022:date = 1890-02-13	B-pers
Texas	Q1439	Q1439 Q6128197 Q3816828 Q3519335 Q7707417 Q7707745 Q7707414 Q7707415 Q477870 Q170588 Q7768585 Q7708302 Q7707412 Q3985371 Q916484 Q485017 Q864687 Q2407588 Q1887280 Q7707419 Q7707411 Q17118735 Q144229	Q1439	True	True	# hipe2022:document_id = sn88068010-1890-02-13-a-i0003	# hipe2022:date = 1890-02-13	B-loc
Charles	NIL	Q4045548 Q5076849 Q332105 Q500562 Q526128 Q2834838 Q5077209 Q122553 Q7488778 Q469603 Q2043886 Q20689208 Q584412 Q2958359 Q501319 Q5074700 Q675093 Q71231 Q5074708 Q3044 Q378217 Q61694567 Q566092 Q81506 Q794927 Q16750975 Q48742128	Q122553	False	False	# hipe2022:document_id = sn88068010-1890-02-13-a-i0003	# hipe2022:date = 1890-02-13	B-pers
Charles	NIL	Q4045548 Q5076849 Q332105 Q500562 Q526128 Q2834838 Q5077209 Q122553 Q7488778 Q469603 Q2043886 Q20689208 Q584412 Q2958359 Q501319 Q5074700 Q675093 Q71231 Q5074708 Q3044 Q378217 Q61694567 Q566092 Q81506 Q794927 Q16750975 Q48742128	Q122553	False	False	# hipe2022:document_id = sn88068010-1890-02-13-a-i0003	# hipe2022:date = 1890-02-13	B-pers
firm of Geo . D . Barnard iSr Co .	NIL	NIL	NIL	True	True	# hipe2022:document_id = sn88068010-1890-04-17-a-i0003	# hipe2022:date = 1890-04-17	B-org
St . Louis	Q38022	NIL	NIL	False	False	# hipe2022:document_id = sn88068010-1890-04-17-a-i0003	# hipe2022:date = 1890-04-17	B-loc
Mr . Keene	NIL	NIL	NIL	True	True	# hipe2022:document_id = sn88068010-1890-04-17-a-i0003	# hipe2022:date = 1890-04-17	B-pers
Messrs . Barnard & Co	NIL	NIL	NIL	True	True	# hipe2022:document_id = sn88068010-1890-04-17-a-i0003	# hipe2022:date = 1890-04-17	B-org
Montgomery county	Q378527	Q502345 Q1946326 Q61521 Q487572 Q485969 Q488492 Q269164 Q490129 Q493125 Q374547 Q488659 Q378527 Q26756 Q490859 Q485600 Q506697 Q502784 Q512686 Q495120	Q488659	True	False	# hipe2022:document_id = sn88068010-1890-04-17-a-i0003	# hipe2022:date = 1890-04-17	B-loc
St . Charles county	Q489873	NIL	NIL	False	False	# hipe2022:document_id = sn88068010-1890-04-17-a-i0003	# hipe2022:date = 1890-04-17	B-loc
Lincoln county	Q484582	Q494947 Q496096 Q1825792 Q490344 Q312586 Q507230 Q487243 Q484150 Q486994 Q490322 Q495899 Q484527 Q484335 Q490446 Q376876 Q507757 Q484582 Q498066 Q485896 Q6550599 Q17153343 Q302852 Q495209 Q495151 Q491519 Q61294	Q484335	True	False	# hipe2022:document_id = sn88068010-1890-04-17-a-i0003	# hipe2022:date = 1890-04-17	B-loc
museum of the Berlin post - cfllce	Q1271054	NIL	NIL	False	False	# hipe2022:document_id = sn88068010-1890-09-25-a-i0006	# hipe2022:date = 1890-09-25	B-org
European	Q46	Q7085454 Q11205140 NIL	Q7085454	False	False	# hipe2022:document_id = sn88068010-1890-09-25-a-i0006	# hipe2022:date = 1890-09-25	B-loc
Americans	Q828	Q52213432 Q846570 Q15133865 NIL	Q846570	False	False	# hipe2022:document_id = sn88068010-1890-09-25-a-i0006	# hipe2022:date = 1890-09-25	B-loc
Asia	Q48	Q19872663 Q107746 Q210718 Q6417874 Q726862 Q605744 Q55604303 Q48988706 Q764186 Q4806335 Q92932680 Q20036690 Q4806331 Q726891 Q21999972 Q4654942 Q48 Q177837	Q48	True	True	# hipe2022:document_id = sn88068010-1890-09-25-a-i0006	# hipe2022:date = 1890-09-25	B-loc
Africa	Q15	Q1234394 Q4689465 Q1070642 Q15 Q4689535 Q4689533 Q4689536 Q4689532 Q510586 Q4689537 Q383855 Q30325172 Q383842 Q181238	Q15	True	True	# hipe2022:document_id = sn88068010-1890-09-25-a-i0006	# hipe2022:date = 1890-09-25	B-loc
Australia	Q3960	Q16746529 Q1057457 Q408 Q4823545 Q2129654 Q4607496 Q275180 Q3629996 Q2872203 Q387053 Q4201697 Q16835533 Q3960 Q4823544 Q4823546 Q4823543 Q4823541 Q1134461 Q4823540 Q12887638	Q408	True	False	# hipe2022:document_id = sn88068010-1890-09-25-a-i0006	# hipe2022:date = 1890-09-25	B-loc
M . Pliillippe de Ferrari	Q44105	NIL	NIL	False	False	# hipe2022:document_id = sn88068010-1890-09-25-a-i0006	# hipe2022:date = 1890-09-25	B-pers
Paris	Q90	Q1577076 Q21780569 Q2220917 Q7137172 Q20709367 Q15119639 Q7137175 Q7137164 Q691491 Q930765 Q576584 Q366081 Q20813664 Q3382754 Q7137187 Q1931701 Q1341876 Q7131746 Q7137192 Q2300075 Q30621726 Q7137186 Q1818121 Q28337101 Q7137194 Q1751748 Q1018504 Q3687815 Q1158980 Q10981622 Q984459 Q22317569 Q65921527 Q1124162 Q90 Q7137363 Q960025 Q2219239 Q20812805 Q3181341 Q631707 Q3305306 Q1451948 Q7137190 Q162121 Q538772 Q67744612 Q7137161 Q7137184 Q23826199 Q7137197 Q60751943 Q483020 Q79917 Q20712325 Q830149 Q167646 Q7137193 Q934294 Q104197 Q2052318 Q520621 Q55612277 Q3365241 Q923849 Q7137185 Q151298 Q1132962	Q90	True	True	# hipe2022:document_id = sn88068010-1890-09-25-a-i0006	# hipe2022:date = 1890-09-25	B-loc
England	Q21	Q21 Q1467810 Q47762 Q11755949 Q1087692 Q2251971 Q179876 Q79282 Q5377960 Q552608	Q21	True	True	# hipe2022:document_id = sn88068010-1890-11-06-a-i0002	# hipe2022:date = 1890-11-06	B-loc
Europe	Q46	Q185144 Q52847 Q7085454 Q6830710 Q579160 Q7691481 Q458 Q5412139 Q1163173 Q198697 Q5412030 Q3734794 Q46 Q766618 Q612228 Q165170	Q46	True	True	# hipe2022:document_id = sn88068010-1890-11-06-a-i0002	# hipe2022:date = 1890-11-06	B-loc
YUKON	Q6170492	Q6170492 Q3471041 Q3573173 Q2009 Q8060799 Q2073642 Q8060807 Q8060803 Q104437 Q822735	Q2009	True	False	# hipe2022:document_id = sn86063397-1900-03-20-a-i0004	# hipe2022:date = 1900-03-20	B-loc
Vice Consul Morrison	NIL	NIL	NIL	True	True	# hipe2022:document_id = sn86063397-1900-03-20-a-i0004	# hipe2022:date = 1900-03-20	B-pers
Dawson City	Q372324	Q372324	Q372324	True	True	# hipe2022:document_id = sn86063397-1900-03-20-a-i0004	# hipe2022:date = 1900-03-20	B-loc
Washington	Q61	Q56149 Q2555815 Q7971603 Q496486 Q761885 Q3470551 Q495979 Q506907 Q502929 Q1879629 Q7866745 Q486486 Q25301 Q2416989 Q777403 Q540250 Q386189 Q505380 Q2914511 Q1088831 Q989456 Q501157 Q594697 Q7971619 Q495037 Q6808754 Q2349496 Q1026008 Q482386 Q27240 Q23 Q511164 Q304671 Q3566499 Q1373453 Q7875308 Q7971604 Q54258 Q568305 Q61 Q486040 Q489571 Q939412 Q1999182 Q7971644 Q3566503 Q2705899 Q79281 Q1013498 Q2029442 Q489486 Q501559 Q2446223 Q507256 Q510915 Q2184036 Q467194 Q3178632 Q7971616 Q1018557 Q773030 Q466835 Q485401 Q7971602 Q575163 Q7971606 Q61148 Q2431532 Q373886 Q312487 Q1967325 Q156444 Q166186 Q7971605 Q484538 Q319871 Q263418 Q1223 Q1018448 Q85847988 Q643274 Q498286 Q507587 Q497200 Q7972144 Q485408 Q484643 Q25915599 Q3448011 Q7971610	Q61	True	True	# hipe2022:document_id = sn86063397-1900-03-20-a-i0004	# hipe2022:date = 1900-03-20	B-loc
America	Q30	Q463081 Q60751010 Q338285 Q97181621 Q17511620 Q1850907 Q4749632 Q1052042 Q4742713 Q4749635 Q85772276 Q23309806 Q23467020 Q4749633 Q2842802 Q4742708 Q4742711 Q104790923 Q22251882 Q482251 Q4742716 Q4742707 Q1112443 Q828 Q4742714 Q2420785 Q4742725 Q4745665 Q4655832 Q30 Q126852 Q4742728 Q4742712 Q4742719 Q16491652 Q4742863 Q4742710 Q4742619 Q4742724 Q18762246 Q2621772 Q2842807 Q34195 Q2400442 Q4742717 Q4742709 Q7131705 Q4033897 Q1247400 Q47499411 Q4742729 Q4064165 Q4742720 Q4742723 Q463110 Q6072379 Q463147 Q20894546 Q7872812 Q2842803 Q482262 Q2844820 Q548133 Q2844832 Q1777174 Q4742727 Q2127180 Q3055389 Q482249 Q4742722	Q30	True	True	# hipe2022:document_id = sn86063397-1900-03-20-a-i0004	# hipe2022:date = 1900-03-20	B-loc
1900 summer	NIL	NIL	NIL	True	True	# hipe2022:document_id = sn86063397-1900-05-08-a-i0004	# hipe2022:date = 1900-05-08	B-time
New York	Q60	Q769668 Q457275 Q7012955 Q64351964 Q20926350 Q1246630 Q1507987 Q7992349 Q2720168 Q11790885 Q12270765 Q20874688 Q11299 Q3875476 Q1251262 Q16956354 Q16978999 Q903253 Q17021430 Q48800189 Q3451110 Q22654 Q530355 Q39073080 Q2051696 Q19894720 Q1365153 Q2604045 Q16623588 Q54451 Q5239300 Q21123 Q65090331 Q47005414 Q29095183 Q60 Q7668516 Q7012986 Q1259585 Q7012934 Q7012990 Q1384	Q60	True	True	# hipe2022:document_id = sn86063397-1900-06-26-a-i0002	# hipe2022:date = 1900-06-26	B-loc
Chicago	Q1297	Q977061 Q2963283 Q492508 Q2451193 Q3100493 Q2963286 Q3281484 Q5095462 Q6406612 Q5095459 Q3889359 Q371938 Q1155989 Q1754965 Q2963284 Q656285 Q1071816 Q1297 Q14687961 Q5095452 Q2963288 Q2963285 Q2233885 Q16920511 Q3978530 Q25221871 Q131252 Q189889 Q5095458 Q3031994 Q1050470 Q3468546 Q20649503 Q643284	Q1297	True	True	# hipe2022:document_id = sn86063397-1900-06-26-a-i0002	# hipe2022:date = 1900-06-26	B-loc
Philadelphia	Q1345	Q7182605 Q138280 Q689874 Q2085762 Q7182609 Q935334 Q3471231 Q15962428 Q426337 Q7182598 Q2490406 Q496900 Q204057 Q512128 Q5406013 Q2288745 Q1345 Q659181 Q224214 Q7182599	Q1345	True	True	# hipe2022:document_id = sn86063397-1900-06-26-a-i0002	# hipe2022:date = 1900-06-26	B-loc
Colonel ' Dick	Q1066346	NIL	NIL	False	False	# hipe2022:document_id = sn86063397-1900-06-26-a-i0002	# hipe2022:date = 1900-06-26	B-pers
Ohio	Q1397	Q7080729 Q7080730 Q1397 Q927274 Q500663 Q2137506 Q1680311 Q7394147 Q506727 Q847676 Q944935 Q4915 Q7080727	Q1397	True	True	# hipe2022:document_id = sn86063397-1900-06-26-a-i0002	# hipe2022:date = 1900-06-26	B-loc
Chairman Ilanna	Q509441	NIL	NIL	False	False	# hipe2022:document_id = sn86063397-1900-06-26-a-i0002	# hipe2022:date = 1900-06-26	B-pers
Chi ¬ cago	Q1297	NIL	NIL	False	False	# hipe2022:document_id = sn86063397-1900-06-26-a-i0002	# hipe2022:date = 1900-06-26	B-loc
New York	Q60	Q769668 Q457275 Q7012955 Q64351964 Q20926350 Q1246630 Q1507987 Q7992349 Q2720168 Q11790885 Q12270765 Q20874688 Q11299 Q3875476 Q1251262 Q16956354 Q16978999 Q903253 Q17021430 Q48800189 Q3451110 Q22654 Q530355 Q39073080 Q2051696 Q19894720 Q1365153 Q2604045 Q16623588 Q54451 Q5239300 Q21123 Q65090331 Q47005414 Q29095183 Q60 Q7668516 Q7012986 Q1259585 Q7012934 Q7012990 Q1384	Q60	True	True	# hipe2022:document_id = sn86063397-1900-06-26-a-i0002	# hipe2022:date = 1900-06-26	B-loc
Sena ¬ tor Scott	Q1966467	NIL	NIL	False	False	# hipe2022:document_id = sn86063397-1900-06-26-a-i0002	# hipe2022:date = 1900-06-26	B-pers
West Virginia	Q1371	Q115376 Q2555818 Q287517 Q1322455 Q1371	Q1371	True	True	# hipe2022:document_id = sn86063397-1900-06-26-a-i0002	# hipe2022:date = 1900-06-26	B-loc
George Wls - woll	NIL	NIL	NIL	True	True	# hipe2022:document_id = sn86063397-1900-06-26-a-i0002	# hipe2022:date = 1900-06-26	B-pers
Milwaukee	Q37836	Q6861641 Q6861766 Q502294 Q1755318 Q37836 Q6861654 Q6861655	Q37836	True	True	# hipe2022:document_id = sn86063397-1900-06-26-a-i0002	# hipe2022:date = 1900-06-26	B-loc
II . L . Swords	NIL	NIL	NIL	True	True	# hipe2022:document_id = sn86063397-1900-06-26-a-i0002	# hipe2022:date = 1900-06-26	B-pers
New York	Q1384	Q769668 Q457275 Q7012955 Q64351964 Q20926350 Q1246630 Q1507987 Q7992349 Q2720168 Q11790885 Q12270765 Q20874688 Q11299 Q3875476 Q1251262 Q16956354 Q16978999 Q903253 Q17021430 Q48800189 Q3451110 Q22654 Q530355 Q39073080 Q2051696 Q19894720 Q1365153 Q2604045 Q16623588 Q54451 Q5239300 Q21123 Q65090331 Q47005414 Q29095183 Q60 Q7668516 Q7012986 Q1259585 Q7012934 Q7012990 Q1384	Q60	True	False	# hipe2022:document_id = sn86063397-1900-06-26-a-i0002	# hipe2022:date = 1900-06-26	B-loc
Ckaii - innu Ilanna	Q509441	NIL	NIL	False	False	# hipe2022:document_id = sn86063397-1900-06-26-a-i0002	# hipe2022:date = 1900-06-26	B-pers
Henry C . Payne	Q212679	NIL	NIL	False	False	# hipe2022:document_id = sn86063397-1900-06-26-a-i0002	# hipe2022:date = 1900-06-26	B-pers
Wisconsin	Q1537	Q622531 Q8027104 Q8027102 Q978496 Q8027101 Q3098117 Q1557839 Q1537 Q1753919	Q1537	True	True	# hipe2022:document_id = sn86063397-1900-06-26-a-i0002	# hipe2022:date = 1900-06-26	B-loc
Maine	Q724	Q1741891 Q2705899 Q8005360 Q724 Q3708887 Q6736303 Q756886 Q6736601 Q732738 NIL	Q724	True	True	# hipe2022:document_id = sn86063397-1900-06-26-a-i0002	# hipe2022:date = 1900-06-26	B-loc
N . B . Scott	Q1966467	NIL	NIL	False	False	# hipe2022:document_id = sn86063397-1900-06-26-a-i0002	# hipe2022:date = 1900-06-26	B-pers
West Virginia	Q1371	Q115376 Q2555818 Q287517 Q1322455 Q1371	Q1371	True	True	# hipe2022:document_id = sn86063397-1900-06-26-a-i0002	# hipe2022:date = 1900-06-26	B-loc
Harry I > . New	Q1586757	NIL	NIL	False	False	# hipe2022:document_id = sn86063397-1900-06-26-a-i0002	# hipe2022:date = 1900-06-26	B-pers
Indiana	Q1415	Q16986017 Q139969 Q1415 Q2534897 Q1184769 Q185658 Q494146 Q3286126 Q7393850 Q9008332 Q169281 Q141305 Q798311 Q1661325 Q2287960 Q6023012 Q7997869 Q22812983 Q16730047 Q6023245 Q16851190 Q3150103	Q1415	True	True	# hipe2022:document_id = sn86063397-1900-06-26-a-i0002	# hipe2022:date = 1900-06-26	B-loc
George L . Slump	Q880826	NIL	NIL	False	False	# hipe2022:document_id = sn86063397-1900-06-26-a-i0002	# hipe2022:date = 1900-06-26	B-pers
Idaho	Q1221	Q2555765 Q54528997 Q22133849 Q819214 Q1854488 Q22906913 Q1656599 Q1535392 Q1418980 Q85768872 Q494480 Q5987289 Q28452049 Q5987295 Q1221	Q1221	True	True	# hipe2022:document_id = sn86063397-1900-06-26-a-i0002	# hipe2022:date = 1900-06-26	B-loc
President McKinley	Q35041	Q35041 NIL	Q35041	True	True	# hipe2022:document_id = sn86063397-1900-06-26-a-i0002	# hipe2022:date = 1900-06-26	B-pers
Can ¬ ton , Ohio	Q491239	NIL	NIL	False	False	# hipe2022:document_id = sn86063397-1900-06-26-a-i0002	# hipe2022:date = 1900-06-26	B-loc
HANNA	Q509441	Q170268 Q5648648 Q65059477 Q1632026 Q2420299 Q5648653 Q3503174 Q5648642 Q48102683 Q1029819 Q1554377 Q7668465 Q747623	Q747623	False	False	# hipe2022:document_id = sn86063397-1900-06-26-a-i0002	# hipe2022:date = 1900-06-26	B-pers
Della Pringle	Q18351054	NIL NIL	NIL	False	False	# hipe2022:document_id = sn88085488-1910-02-18-a-i0006	# hipe2022:date = 1910-02-18	B-pers
Della Pringle company	NIL	NIL	NIL	True	True	# hipe2022:document_id = sn88085488-1910-02-18-a-i0006	# hipe2022:date = 1910-02-18	B-org
Miss Pringle	Q18351054	NIL	NIL	False	False	# hipe2022:document_id = sn88085488-1910-02-18-a-i0006	# hipe2022:date = 1910-02-18	B-pers
C . K . Van Auker	NIL	NIL	NIL	True	True	# hipe2022:document_id = sn88085488-1910-02-18-a-i0006	# hipe2022:date = 1910-02-18	B-pers
Boise	Q35775	Q14687005 Q38250499 Q35775 Q4938437 Q891080 Q1713251 Q486357	Q35775	True	True	# hipe2022:document_id = sn88085488-1910-02-18-a-i0006	# hipe2022:date = 1910-02-18	B-loc
Miss Pringle	Q18351054	NIL	NIL	False	False	# hipe2022:document_id = sn88085488-1910-02-18-a-i0006	# hipe2022:date = 1910-02-18	B-pers
Lewis Morrison	Q6913937	Q6913937	Q6913937	True	True	# hipe2022:document_id = sn88085488-1910-02-18-a-i0006	# hipe2022:date = 1910-02-18	B-pers
Miss Pringle	Q18351054	NIL	NIL	False	False	# hipe2022:document_id = sn88085488-1910-02-18-a-i0006	# hipe2022:date = 1910-02-18	B-pers
Watt ’ s Phar ¬ macy	NIL	NIL	NIL	True	True	# hipe2022:document_id = sn88085488-1910-02-18-a-i0006	# hipe2022:date = 1910-02-18	B-org
Great Britian	Q23666	Q23666 NIL	Q23666	True	True	# hipe2022:document_id = sn88085488-1910-04-01-a-i0004	# hipe2022:date = 1910-04-01	B-loc
Newcastle	Q1425428	Q2835379 Q1027294 Q955400 Q5355770 Q48791555 Q57278 Q189192 Q22084179 Q3204894 Q3131990 Q4328359 Q966318 Q7017301 Q18716 Q8992228 Q1973774 Q1425428 Q7017359 Q1502408 Q979309 Q2565495 Q2187131 Q555690 Q18392060 Q3473218 Q1853982 Q677533 Q16611347 Q1304093 Q755393 Q17053403 Q7017358 Q3877662 Q17984751 Q3339099 Q377590 Q17570 Q8975	Q1425428	True	True	# hipe2022:document_id = sn88085488-1910-04-01-a-i0004	# hipe2022:date = 1910-04-01	B-loc
Scotland	Q22	Q496971 Q3474402 Q230791 Q7435626 Q7435627 Q2578696 Q972901 Q7435618 Q925575 Q2446275 Q5306342 Q506690 Q7435619 Q22 Q7435621 Q7435625 Q7435616 Q3476148	Q22	True	True	# hipe2022:document_id = sn88085488-1910-04-01-a-i0004	# hipe2022:date = 1910-04-01	B-loc
Quaker Oats Company	Q2699694	Q2699694	Q2699694	True	True	# hipe2022:document_id = sn88085488-1910-04-01-a-i0004	# hipe2022:date = 1910-04-01	B-org
Great Britian	Q23666	Q23666 NIL	Q23666	True	True	# hipe2022:document_id = sn88085488-1910-04-01-a-i0004	# hipe2022:date = 1910-04-01	B-loc
Europe	Q46	Q185144 Q52847 Q7085454 Q6830710 Q579160 Q7691481 Q458 Q5412139 Q1163173 Q198697 Q5412030 Q3734794 Q46 Q766618 Q612228 Q165170	Q46	True	True	# hipe2022:document_id = sn88085488-1910-04-01-a-i0004	# hipe2022:date = 1910-04-01	B-loc
Whitman	Q7996607	Q7996600 Q7996606 Q7996621 Q7996601 Q4865104 Q979972 Q484153 Q2536900 Q7996598	Q484153	False	False	# hipe2022:document_id = sn88085488-1910-05-06-a-i0003	# hipe2022:date = 1910-05-06	B-org
Washington State College	Q58297825	Q597236	Q597236	False	False	# hipe2022:document_id = sn88085488-1910-05-06-a-i0003	# hipe2022:date = 1910-05-06	B-org
Whitman college	Q7996607	Q7996609 Q7996607	Q7996609	True	False	# hipe2022:document_id = sn88085488-1910-05-06-a-i0003	# hipe2022:date = 1910-05-06	B-org
W . S . C .	Q58297825	NIL	NIL	False	False	# hipe2022:document_id = sn88085488-1910-05-06-a-i0003	# hipe2022:date = 1910-05-06	B-org
State College	Q58297825	Q7603112 Q5758388 Q1075106 Q1187041	Q1187041	False	False	# hipe2022:document_id = sn88085488-1910-05-06-a-i0003	# hipe2022:date = 1910-05-06	B-org
Whitman	Q7996607	Q7996600 Q7996606 Q7996621 Q7996601 Q4865104 Q979972 Q484153 Q2536900 Q7996598	Q484153	False	False	# hipe2022:document_id = sn88085488-1910-05-06-a-i0003	# hipe2022:date = 1910-05-06	B-org
Moscow	Q499927	Q1949024 Q1538326 Q6915436 Q1885744 Q3887555 Q175117 Q4304438 Q2670838 Q6915432 Q1697 Q6915440 Q9035274 Q2380475 Q3450448 Q1186607 Q499927 Q4303718 Q6915450 Q6915443 Q1023006 Q649 Q1519358 Q6915447 Q6915435 Q6915442	Q649	True	False	# hipe2022:document_id = sn88085488-1910-05-06-a-i0003	# hipe2022:date = 1910-05-06	B-loc
University of Idaho	Q1854488	Q1854488 NIL	Q1854488	True	True	# hipe2022:document_id = sn88085488-1910-05-06-a-i0003	# hipe2022:date = 1910-05-06	B-org
Pullman	Q983540	Q983540 Q2895725 Q1779516 Q7259483 Q16967910 Q3314546 Q7336933 Q7259475 Q4968985 Q7259478	Q983540	True	True	# hipe2022:document_id = sn88085488-1910-09-02-a-i0006	# hipe2022:date = 1910-09-02	B-loc
Clerk Henry	NIL	NIL	NIL	True	True	# hipe2022:document_id = sn88085488-1910-09-02-a-i0006	# hipe2022:date = 1910-09-02	B-pers
Tweed Amos	NIL	NIL	NIL	True	True	# hipe2022:document_id = sn88085488-1910-09-02-a-i0006	# hipe2022:date = 1910-09-02	B-pers
B . M . JOHNSON MFG . CO	NIL	NIL	NIL	True	True	# hipe2022:document_id = sn89058133-1920-01-08-a-i0001	# hipe2022:date = 1920-01-08	B-org
Benton M . John ¬ son	NIL	NIL	NIL	True	True	# hipe2022:document_id = sn89058133-1920-01-08-a-i0001	# hipe2022:date = 1920-01-08	B-pers
Jackson	Q985409	Q3805739 Q497702 Q504856 Q16905948 Q2732758 Q29453344 Q486137 Q871285 Q3287811 Q110262 Q485030 Q6116909 Q6116928 Q127238 Q486215 Q495620 Q1966879 Q585149 Q2754158 Q1907202 Q488537 Q263311 Q985409 Q2393645 Q500897 Q6116916 Q2890672 Q20813685 Q366959 Q1647348 Q486471 Q6117834 Q310586 Q450159 Q18702257 Q2670059 Q127975 Q984374 Q2184242 Q490306 Q680661 Q505392 Q79425 Q377046 Q182408 Q462363 Q500686 Q6116900 Q6116932 Q61014 Q1616285 Q53855527 Q5390252 Q959843 Q2831 Q502521 Q216124 Q11817 Q6116912 Q2012450 Q206466 Q738043 Q28198 Q1903275 Q20709350 Q485378 Q660760 Q2713022 Q2210984 Q1065531 Q3157429 Q485780 Q506772 Q2739403	Q2831	True	False	# hipe2022:document_id = sn89058133-1920-01-08-a-i0001	# hipe2022:date = 1920-01-08	B-loc
B . M . Johnson Manufacturing Company	NIL	NIL	NIL	True	True	# hipe2022:document_id = sn89058133-1920-01-08-a-i0001	# hipe2022:date = 1920-01-08	B-org
Benton M . Johnson	NIL	NIL	NIL	True	True	# hipe2022:document_id = sn89058133-1920-01-08-a-i0001	# hipe2022:date = 1920-01-08	B-pers
Mr . Johnson	NIL	NIL	NIL	True	True	# hipe2022:document_id = sn89058133-1920-01-08-a-i0001	# hipe2022:date = 1920-01-08	B-pers
Jack - son Sun	Q4051135	NIL	NIL	False	False	# hipe2022:document_id = sn89058133-1920-01-08-a-i0001	# hipe2022:date = 1920-01-08	B-prod
Tom Scarlett , Circuit Court Clerk for Putnam County	NIL	NIL	NIL	True	True	# hipe2022:document_id = sn89058133-1920-01-29-a-i0007	# hipe2022:date = 1920-01-29	B-pers
. ennessee	Q1509	NIL	NIL	False	False	# hipe2022:document_id = sn89058133-1920-01-29-a-i0007	# hipe2022:date = 1920-01-29	B-loc
the 6tU . day of January , 1920	NIL	NIL	NIL	True	True	# hipe2022:document_id = sn89058133-1920-01-29-a-i0007	# hipe2022:date = 1920-01-29	B-time
31st day of January , 1920	NIL	NIL	NIL	True	True	# hipe2022:document_id = sn89058133-1920-01-29-a-i0007	# hipe2022:date = 1920-01-29	B-time
Cookeville	Q2456192	Q2456192	Q2456192	True	True	# hipe2022:document_id = sn89058133-1920-01-29-a-i0007	# hipe2022:date = 1920-01-29	B-loc
Putnam County	Q495045	Q278589 Q506531 Q495045 Q498341 Q501809 Q503059 Q489886 Q115266 Q494579	Q115266	True	False	# hipe2022:document_id = sn89058133-1920-01-29-a-i0007	# hipe2022:date = 1920-01-29	B-loc
Tennessee	Q1509	Q6011981 Q2302102 Q193737 Q3234596 Q1509 Q38359 Q1747671 Q3496542 Q7700263 Q265234 Q17059473	Q1509	True	True	# hipe2022:document_id = sn89058133-1920-01-29-a-i0007	# hipe2022:date = 1920-01-29	B-loc
J . R . Watson	NIL	NIL	NIL	True	True	# hipe2022:document_id = sn89058133-1920-01-29-a-i0007	# hipe2022:date = 1920-01-29	B-pers
T . C . R . K . Co	NIL	NIL	NIL	True	True	# hipe2022:document_id = sn89058133-1920-01-29-a-i0007	# hipe2022:date = 1920-01-29	B-org
Phy	NIL	Q179996 Q1432358 Q192727	Q179996	False	False	# hipe2022:document_id = sn89058133-1920-01-29-a-i0007	# hipe2022:date = 1920-01-29	B-pers
J . R . Watson	NIL	NIL	NIL	True	True	# hipe2022:document_id = sn89058133-1920-01-29-a-i0007	# hipe2022:date = 1920-01-29	B-pers
D . Ritten ¬ berry	NIL	NIL	NIL	True	True	# hipe2022:document_id = sn89058133-1920-01-29-a-i0007	# hipe2022:date = 1920-01-29	B-pers
P . L . Ramsey	NIL	NIL	NIL	True	True	# hipe2022:document_id = sn89058133-1920-01-29-a-i0007	# hipe2022:date = 1920-01-29	B-pers
Jan . 6th , 1920	NIL	NIL	NIL	True	True	# hipe2022:document_id = sn89058133-1920-01-29-a-i0007	# hipe2022:date = 1920-01-29	B-time
L . F . MILLER , Sheriff	NIL	NIL	NIL	True	True	# hipe2022:document_id = sn89058133-1920-01-29-a-i0007	# hipe2022:date = 1920-01-29	B-pers
GAINESBORO	Q2057053	Q5517236 Q2057053	Q5517236	True	False	# hipe2022:document_id = sn89058133-1920-04-22-a-i0003	# hipe2022:date = 1920-04-22	B-loc
Tiui Apple	NIL	NIL	NIL	True	True	# hipe2022:document_id = sn89058133-1920-04-22-a-i0003	# hipe2022:date = 1920-04-22	B-pers
Old Tim	NIL	NIL	NIL	True	True	# hipe2022:document_id = sn89058133-1920-04-22-a-i0003	# hipe2022:date = 1920-04-22	B-pers
Cookeville	Q2456192	Q2456192	Q2456192	True	True	# hipe2022:document_id = sn89058133-1920-04-22-a-i0003	# hipe2022:date = 1920-04-22	B-loc
Jenkins & Darwin Bros	NIL	NIL	NIL	True	True	# hipe2022:document_id = sn89058133-1920-04-22-a-i0003	# hipe2022:date = 1920-04-22	B-org
Jere Whitson	NIL	NIL	NIL	True	True	# hipe2022:document_id = sn89058133-1920-04-22-a-i0003	# hipe2022:date = 1920-04-22	B-org
R . P . Morgan Produce Co	NIL	NIL	NIL	True	True	# hipe2022:document_id = sn89058133-1920-04-22-a-i0003	# hipe2022:date = 1920-04-22	B-org
Morgan	NIL	Q503505 Q3862964 Q1058731 Q137828 Q313458 Q3467045 Q972448 Q372373 Q512259 Q2971886 Q2194573 Q586995 Q2228080 Q2955956 Q490953 Q6911538 Q312748 Q1165625 Q1260128 Q3862968 Q2767 Q5203618 Q6911566 Q215502 Q484672 Q3323961 Q6911563 Q129992 Q6911540 Q6911541 Q11989934 Q20026859 Q177681 Q6911724 Q54168 Q490989 Q26880 Q6911534 Q6911535 Q493083 Q284100 Q1408323 Q489599	Q54168	False	False	# hipe2022:document_id = sn89058133-1920-04-22-a-i0003	# hipe2022:date = 1920-04-22	B-org
Cooke ¬ ville	Q2456192	NIL	NIL	False	False	# hipe2022:document_id = sn89058133-1920-04-22-a-i0003	# hipe2022:date = 1920-04-22	B-loc
Silver Point	Q7516246	Q7516246 Q1569360	Q1569360	True	False	# hipe2022:document_id = sn89058133-1920-04-22-a-i0003	# hipe2022:date = 1920-04-22	B-loc
Casto Jditchell	NIL	NIL	NIL	True	True	# hipe2022:document_id = sn89058133-1920-04-22-a-i0003	# hipe2022:date = 1920-04-22	B-pers
Lon Morelock	NIL	NIL	NIL	True	True	# hipe2022:document_id = sn89058133-1920-04-22-a-i0003	# hipe2022:date = 1920-04-22	B-pers
Bob Maggart	NIL	NIL	NIL	True	True	# hipe2022:document_id = sn89058133-1920-04-22-a-i0003	# hipe2022:date = 1920-04-22	B-pers
France	Q142	Q49644 Q47774 Q630531 Q5478259 Q1124861 Q69323 Q70802 Q142 Q70972 Q200686 Q212429 Q101730 Q207162 Q42443 Q2084927	Q142	True	True	# hipe2022:document_id = sn89058133-1920-04-22-a-i0003	# hipe2022:date = 1920-04-22	B-loc
Ralph Wirt	NIL	NIL	NIL	True	True	# hipe2022:document_id = sn89058133-1920-04-22-a-i0003	# hipe2022:date = 1920-04-22	B-pers
Putnam County Herald	Q16995214	NIL	NIL	False	False	# hipe2022:document_id = sn89058133-1920-04-22-a-i0003	# hipe2022:date = 1920-04-22	B-prod
Gainesboro , Tenn	Q2057053	NIL	NIL	False	False	# hipe2022:document_id = sn89058133-1920-04-22-a-i0003	# hipe2022:date = 1920-04-22	B-loc
Herald	Q16995214	Q5732604 Q139954 Q3179178 Q7739400 Q5646015 Q30597377 Q14687539 Q11407 Q6740594 Q696819 Q26877 Q3458808 Q17002667 Q7739404	Q3179178	False	False	# hipe2022:document_id = sn89058133-1920-04-22-a-i0003	# hipe2022:date = 1920-04-22	B-prod
Mansfield Judd	NIL	NIL	NIL	True	True	# hipe2022:document_id = sn89058133-1920-04-22-a-i0003	# hipe2022:date = 1920-04-22	B-pers
Gainesboro	Q2057053	Q5517236 Q2057053	Q2057053	True	True	# hipe2022:document_id = sn89058133-1920-04-22-a-i0003	# hipe2022:date = 1920-04-22	B-loc
D . A . RAWLEY	NIL	NIL	NIL	True	True	# hipe2022:document_id = sn89058133-1920-04-22-a-i0003	# hipe2022:date = 1920-04-22	B-pers
Herald	NIL	Q5732604 Q139954 Q3179178 Q7739400 Q5646015 Q30597377 Q14687539 Q11407 Q6740594 Q696819 Q26877 Q3458808 Q17002667 Q7739404	Q3179178	False	False	# hipe2022:document_id = sn89058133-1920-08-19-a-i0006	# hipe2022:date = 1920-08-19	B-prod
Putnam county	Q495045	Q278589 Q506531 Q495045 Q498341 Q501809 Q503059 Q489886 Q115266 Q494579	Q115266	True	False	# hipe2022:document_id = sn89058133-1920-08-19-a-i0006	# hipe2022:date = 1920-08-19	B-loc
Herald	NIL	Q5732604 Q139954 Q3179178 Q7739400 Q5646015 Q30597377 Q14687539 Q11407 Q6740594 Q696819 Q26877 Q3458808 Q17002667 Q7739404	Q3179178	False	False	# hipe2022:document_id = sn89058133-1920-08-19-a-i0006	# hipe2022:date = 1920-08-19	B-prod
W . G . ADSMOND . Co . Agent	NIL	NIL	NIL	True	True	# hipe2022:document_id = sn89058133-1920-08-19-a-i0006	# hipe2022:date = 1920-08-19	B-pers
Bureau of Home Economics	Q28404837	Q28404837 NIL	Q28404837	True	True	# hipe2022:document_id = sn83025812-1930-02-21-a-i0007	# hipe2022:date = 1930-02-21	B-org
the United States Department of Agri ¬ culture	Q501542	NIL	NIL	False	False	# hipe2022:document_id = sn83025812-1930-02-21-a-i0007	# hipe2022:date = 1930-02-21	B-org
C . P . Gray	NIL	NIL	NIL	True	True	# hipe2022:document_id = sn83025812-1930-03-21-a-i0010	# hipe2022:date = 1930-03-21	B-pers
Buxton school	NIL	Q5003281 Q5003277	Q5003281	False	False	# hipe2022:document_id = sn83025812-1930-03-21-a-i0010	# hipe2022:date = 1930-03-21	B-org
E . P . White	NIL	NIL	NIL	True	True	# hipe2022:document_id = sn83025812-1930-03-21-a-i0010	# hipe2022:date = 1930-03-21	B-pers
G . D . Miller	NIL	NIL	NIL	True	True	# hipe2022:document_id = sn83025812-1930-03-21-a-i0010	# hipe2022:date = 1930-03-21	B-pers
U . B . Williams	NIL	NIL	NIL	True	True	# hipe2022:document_id = sn83025812-1930-03-21-a-i0010	# hipe2022:date = 1930-03-21	B-pers
Buxton	Q745614	Q18286 Q5003254 Q971223 Q745614 Q5003252 Q5003259 Q2582964 Q1072836 Q2379488 Q3273904 Q7324509 Q5003253 Q28941995	Q971223	True	False	# hipe2022:document_id = sn83025812-1930-03-21-a-i0010	# hipe2022:date = 1930-03-21	B-loc
Buxton	Q745614	Q18286 Q5003254 Q971223 Q745614 Q5003252 Q5003259 Q2582964 Q1072836 Q2379488 Q3273904 Q7324509 Q5003253 Q28941995	Q971223	True	False	# hipe2022:document_id = sn83025812-1930-03-21-a-i0010	# hipe2022:date = 1930-03-21	B-loc
Cane Hattcras	Q978032	NIL	NIL	False	False	# hipe2022:document_id = sn83025812-1930-03-21-a-i0010	# hipe2022:date = 1930-03-21	B-loc
Dare county	Q295787	Q295787 NIL	Q295787	True	True	# hipe2022:document_id = sn83025812-1930-03-21-a-i0010	# hipe2022:date = 1930-03-21	B-loc
Capt . B . R . Ballance	NIL	NIL	NIL	True	True	# hipe2022:document_id = sn83025812-1930-03-21-a-i0010	# hipe2022:date = 1930-03-21	B-pers
Buxton	Q745614	Q18286 Q5003254 Q971223 Q745614 Q5003252 Q5003259 Q2582964 Q1072836 Q2379488 Q3273904 Q7324509 Q5003253 Q28941995	Q971223	True	False	# hipe2022:document_id = sn83025812-1930-03-21-a-i0010	# hipe2022:date = 1930-03-21	B-loc
EDENTON	Q2028258	Q14716408 Q2028258 NIL	Q2028258	True	True	# hipe2022:document_id = sn83025812-1930-05-30-a-i0006	# hipe2022:date = 1930-05-30	B-loc
Edcnton	Q2028258	NIL	NIL	False	False	# hipe2022:document_id = sn83025812-1930-05-30-a-i0006	# hipe2022:date = 1930-05-30	B-loc
District Supervisor of Census	NIL	NIL	NIL	True	True	# hipe2022:document_id = sn83025812-1930-05-30-a-i0006	# hipe2022:date = 1930-05-30	B-org
Chamber ef Csmmcrcc	NIL	NIL	NIL	True	True	# hipe2022:document_id = sn83025812-1930-05-30-a-i0006	# hipe2022:date = 1930-05-30	B-org
District Supervisor ' s office	NIL	NIL	NIL	True	True	# hipe2022:document_id = sn83025812-1930-05-30-a-i0006	# hipe2022:date = 1930-05-30	B-org
Edcnton	Q2028258	NIL	NIL	False	False	# hipe2022:document_id = sn83025812-1930-05-30-a-i0006	# hipe2022:date = 1930-05-30	B-loc
from 1920 to 1930	NIL	NIL	NIL	True	True	# hipe2022:document_id = sn83025812-1930-05-30-a-i0006	# hipe2022:date = 1930-05-30	B-time
Edenton	Q2028258	Q14716408 Q2028258 NIL	Q2028258	True	True	# hipe2022:document_id = sn83025812-1930-05-30-a-i0006	# hipe2022:date = 1930-05-30	B-loc
Edenton	Q2028258	Q14716408 Q2028258 NIL	Q2028258	True	True	# hipe2022:document_id = sn83025812-1930-05-30-a-i0006	# hipe2022:date = 1930-05-30	B-loc
Uncle Gam	NIL	NIL	NIL	True	True	# hipe2022:document_id = sn83025812-1930-05-30-a-i0006	# hipe2022:date = 1930-05-30	B-pers
Edenton	Q2028258	Q14716408 Q2028258 NIL	Q2028258	True	True	# hipe2022:document_id = sn83025812-1930-05-30-a-i0006	# hipe2022:date = 1930-05-30	B-loc
American	Q30	Q1965974 Q2037045 Q15133865 Q32396 Q1164740 Q828 Q463180 Q466699 Q2842831 Q4745665 Q4742848 Q4742863 Q4742850 Q7976 Q4431748 Q2266683 Q59449 Q846570 Q4742847 Q3985639 Q48962998 Q4742849 Q1968496 Q463257	Q846570	False	False	# hipe2022:document_id = sn92063852-1950-02-25-a-i0005	# hipe2022:date = 1950-02-25	B-loc
Haitian	Q790	Q440753 Q4131845	Q440753	False	False	# hipe2022:document_id = sn92063852-1950-02-25-a-i0005	# hipe2022:date = 1950-02-25	B-loc
Ruth Morris soprano	NIL	NIL	NIL	True	True	# hipe2022:document_id = sn92063852-1950-02-25-a-i0005	# hipe2022:date = 1950-02-25	B-pers
New York City	Q60	Q7966486 Q29240830 Q54451 Q7013124 Q53855527 Q3875477 Q63438423 Q60 Q16998793 Q3339042 Q7013127 Q7013125 Q7013143 Q7013126 Q7013123	Q60	True	True	# hipe2022:document_id = sn92063852-1950-02-25-a-i0005	# hipe2022:date = 1950-02-25	B-loc
Theatre de Ver ¬ dure	Q3527653	NIL	NIL	False	False	# hipe2022:document_id = sn92063852-1950-02-25-a-i0005	# hipe2022:date = 1950-02-25	B-org
Port - au - Prince	Q34261	NIL	NIL	False	False	# hipe2022:document_id = sn92063852-1950-02-25-a-i0005	# hipe2022:date = 1950-02-25	B-loc
His Excellency , Dumarsaix Estime , President of the Republic of Haiti	Q738355	NIL	NIL	False	False	# hipe2022:document_id = sn92063852-1950-02-25-a-i0005	# hipe2022:date = 1950-02-25	B-pers
Haiti	Q790	Q790 Q5639688 Q25277	Q790	True	True	# hipe2022:document_id = sn92063852-1950-02-25-a-i0005	# hipe2022:date = 1950-02-25	B-loc
Fiist Lady of the Republic . Madam Estine	Q18926909	NIL	NIL	False	False	# hipe2022:document_id = sn92063852-1950-02-25-a-i0005	# hipe2022:date = 1950-02-25	B-pers
Hatiau Jour - nal	NIL	NIL	NIL	True	True	# hipe2022:document_id = sn92063852-1950-02-25-a-i0005	# hipe2022:date = 1950-02-25	B-prod
Miss Mor ¬ ris	NIL	NIL	NIL	True	True	# hipe2022:document_id = sn92063852-1950-02-25-a-i0005	# hipe2022:date = 1950-02-25	B-pers
Eugene Bioadnax	NIL	NIL	NIL	True	True	# hipe2022:document_id = sn92063852-1950-02-25-a-i0005	# hipe2022:date = 1950-02-25	B-pers
Florida Court	Q3001105	NIL	NIL	False	False	# hipe2022:document_id = sn92063852-1950-08-26-a-i0008	# hipe2022:date = 1950-08-26	B-org
FLORIDA SUPREME Court	Q3001105	Q3001105	Q3001105	True	True	# hipe2022:document_id = sn92063852-1950-08-26-a-i0008	# hipe2022:date = 1950-08-26	B-org
state - supported University of Florida	Q501758	NIL	NIL	False	False	# hipe2022:document_id = sn92063852-1950-08-26-a-i0008	# hipe2022:date = 1950-08-26	B-org
state board of control	Q5461230	NIL	NIL	False	False	# hipe2022:document_id = sn92063852-1950-08-26-a-i0008	# hipe2022:date = 1950-08-26	B-org
Florida A . & M . College for Ne - groes	Q1430048	NIL	NIL	False	False	# hipe2022:document_id = sn92063852-1950-08-26-a-i0008	# hipe2022:date = 1950-08-26	B-org
Negro school	Q1430048	NIL	NIL	False	False	# hipe2022:document_id = sn92063852-1950-08-26-a-i0008	# hipe2022:date = 1950-08-26	B-org
white insti - , Ut	Q501758	NIL	NIL	False	False	# hipe2022:document_id = sn92063852-1950-08-26-a-i0008	# hipe2022:date = 1950-08-26	B-org
state of Florida	Q812	Q812	Q812	True	True	# hipe2022:document_id = sn92063852-1950-08-26-a-i0008	# hipe2022:date = 1950-08-26	B-loc
Southland	Q49042	Q864971 Q4409172 Q7988748 Q1156746 Q7570849 Q17016419 Q7570886 Q16900357 Q92051328 Q7570847 Q1998865 Q665334	Q864971	False	False	# hipe2022:document_id = sn92063852-1950-08-26-a-i0008	# hipe2022:date = 1950-08-26	B-loc
Arkansas	Q1612	Q1612 Q8319 Q267548 Q4791724 Q2555757 Q4791725 Q75077484 Q4791721 Q61414 Q1070333	Q1612	True	True	# hipe2022:document_id = sn92063852-1950-08-26-a-i0008	# hipe2022:date = 1950-08-26	B-org
Oklahoma	Q1649	Q1405410 Q13027940 Q2017333 Q3305977 Q1187169 Q1364648 Q7082094 Q1649 Q65049114 Q3718843 Q7367002 Q485038 Q948229 Q640652	Q1649	True	True	# hipe2022:document_id = sn92063852-1950-08-26-a-i0008	# hipe2022:date = 1950-08-26	B-org
Florida Supreme Court	Q3001105	Q3001105	Q3001105	True	True	# hipe2022:document_id = sn92063852-1950-08-26-a-i0008	# hipe2022:date = 1950-08-26	B-org
Florida	Q812	Q3746760 Q2077862 Q5461160 Q2575793 Q3295272 Q643617 Q1112732 Q3746761 Q1093490 Q2392006 Q2271950 Q842472 Q4711417 Q6914963 Q13048 Q780702 Q742699 Q537803 Q5461162 Q16593 Q25351647 Q812 Q5461163 Q213538 Q5461164 Q2255913 Q2486949 Q5027600 Q818	Q812	True	True	# hipe2022:document_id = sn92063852-1950-08-26-a-i0008	# hipe2022:date = 1950-08-26	B-loc
Florida Supreme Court	Q3001105	Q3001105	Q3001105	True	True	# hipe2022:document_id = sn92063852-1950-08-26-a-i0008	# hipe2022:date = 1950-08-26	B-org
Florida	Q812	Q3746760 Q2077862 Q5461160 Q2575793 Q3295272 Q643617 Q1112732 Q3746761 Q1093490 Q2392006 Q2271950 Q842472 Q4711417 Q6914963 Q13048 Q780702 Q742699 Q537803 Q5461162 Q16593 Q25351647 Q812 Q5461163 Q213538 Q5461164 Q2255913 Q2486949 Q5027600 Q818	Q812	True	True	# hipe2022:document_id = sn92063852-1950-08-26-a-i0008	# hipe2022:date = 1950-08-26	B-loc
VS . Supreme Court	Q11201	NIL	NIL	False	False	# hipe2022:document_id = sn92063852-1950-08-26-a-i0008	# hipe2022:date = 1950-08-26	B-org
Housewives League	NIL	NIL	NIL	True	True	# hipe2022:document_id = sn92063852-1950-09-23-a-i0018	# hipe2022:date = 1950-09-23	B-org
Tuskegee	Q79718	Q4452326 Q195731 Q79718 NIL	Q79718	True	True	# hipe2022:document_id = sn92063852-1950-09-23-a-i0018	# hipe2022:date = 1950-09-23	B-loc
National Housewives Lea ¬ gue of America	NIL	NIL	NIL	True	True	# hipe2022:document_id = sn92063852-1950-09-23-a-i0018	# hipe2022:date = 1950-09-23	B-org
T iskegee Institute . Ala .	Q1682329	NIL	NIL	False	False	# hipe2022:document_id = sn92063852-1950-09-23-a-i0018	# hipe2022:date = 1950-09-23	B-org
Mrs . Chris ¬ tina Fuqua , president of De ¬ troit . Mich .	NIL	NIL	NIL	True	True	# hipe2022:document_id = sn92063852-1950-09-23-a-i0018	# hipe2022:date = 1950-09-23	B-pers
Mrs . Mattie S . Bibb	NIL	NIL	NIL	True	True	# hipe2022:document_id = sn92063852-1950-09-23-a-i0018	# hipe2022:date = 1950-09-23	B-pers
Mrs . E . R . Naggles	NIL	NIL	NIL	True	True	# hipe2022:document_id = sn92063852-1950-09-23-a-i0018	# hipe2022:date = 1950-09-23	B-pers
Iota Phi Lambda sorority	Q6064117	NIL	NIL	False	False	# hipe2022:document_id = sn92063852-1950-09-23-a-i0018	# hipe2022:date = 1950-09-23	B-org
Tuskegee In ¬ stitute	Q1682329	NIL	NIL	False	False	# hipe2022:document_id = sn92063852-1950-09-23-a-i0018	# hipe2022:date = 1950-09-23	B-org
the Leagu.e	NIL	NIL	NIL	True	True	# hipe2022:document_id = sn92063852-1950-09-23-a-i0018	# hipe2022:date = 1950-09-23	B-org
Tuskegee	Q79718	Q4452326 Q195731 Q79718 NIL	Q79718	True	True	# hipe2022:document_id = sn92063852-1950-09-23-a-i0018	# hipe2022:date = 1950-09-23	B-loc
Mrs . Willie M . Miller	NIL	NIL	NIL	True	True	# hipe2022:document_id = sn92063852-1950-09-23-a-i0018	# hipe2022:date = 1950-09-23	B-pers
Mrs . A . R Ashley	NIL	NIL	NIL	True	True	# hipe2022:document_id = sn92063852-1950-09-23-a-i0018	# hipe2022:date = 1950-09-23	B-pers
the League	NIL	Q2467722 Q7745023	Q2467722	False	False	# hipe2022:document_id = sn92063852-1950-09-23-a-i0018	# hipe2022:date = 1950-09-23	B-org
Mrs . Fuqua	NIL	NIL	NIL	True	True	# hipe2022:document_id = sn92063852-1950-09-23-a-i0018	# hipe2022:date = 1950-09-23	B-pers
the League	NIL	Q2467722 Q7745023	Q2467722	False	False	# hipe2022:document_id = sn92063852-1950-09-23-a-i0018	# hipe2022:date = 1950-09-23	B-org
Horace Sudduth	NIL	NIL	NIL	True	True	# hipe2022:document_id = sn92063852-1950-09-23-a-i0018	# hipe2022:date = 1950-09-23	B-pers
National Negro Business League	Q6974564	Q6974564 NIL	Q6974564	True	True	# hipe2022:document_id = sn92063852-1950-09-23-a-i0018	# hipe2022:date = 1950-09-23	B-org
Business	NIL	Q4086508 Q5001951 Q549433 Q2912172 Q4830453 Q1516843 Q5001935 Q3477367 Q42417097 Q783794	Q4830453	False	False	# hipe2022:document_id = sn92063852-1950-09-23-a-i0018	# hipe2022:date = 1950-09-23	B-org
Housewives League	NIL	NIL	NIL	True	True	# hipe2022:document_id = sn92063852-1950-09-23-a-i0018	# hipe2022:date = 1950-09-23	B-org
Housewives League	NIL	NIL	NIL	True	True	# hipe2022:document_id = sn92063852-1950-09-23-a-i0018	# hipe2022:date = 1950-09-23	B-org
Housewiv ¬ es Leagues	NIL	NIL	NIL	True	True	# hipe2022:document_id = sn92063852-1950-09-23-a-i0018	# hipe2022:date = 1950-09-23	B-org
Housewives Leagues	NIL	NIL	NIL	True	True	# hipe2022:document_id = sn92063852-1950-09-23-a-i0018	# hipe2022:date = 1950-09-23	B-org
Mrs . Fuqua	NIL	NIL	NIL	True	True	# hipe2022:document_id = sn92063852-1950-09-23-a-i0018	# hipe2022:date = 1950-09-23	B-pers
Mrs . H . F . Thomas	NIL	NIL	NIL	True	True	# hipe2022:document_id = sn92063852-1950-09-23-a-i0018	# hipe2022:date = 1950-09-23	B-pers
Birming ¬ ham , Ala .	Q79867	NIL	NIL	False	False	# hipe2022:document_id = sn92063852-1950-09-23-a-i0018	# hipe2022:date = 1950-09-23	B-loc
Mrs . Freddvo S Henderson	NIL	NIL	NIL	True	True	# hipe2022:document_id = sn92063852-1950-09-23-a-i0018	# hipe2022:date = 1950-09-23	B-pers
Atlanta , Ga	Q23556	NIL	NIL	False	False	# hipe2022:document_id = sn92063852-1950-09-23-a-i0018	# hipe2022:date = 1950-09-23	B-loc
Columbus County	Q509813	Q509813 NIL	Q509813	True	True	# hipe2022:document_id = sn91068761-1960-03-30-a-i0003	# hipe2022:date = 1960-03-30	B-loc
Hetiny Benny	Q5715142	NIL	NIL	False	False	# hipe2022:document_id = sn91068761-1960-03-30-a-i0003	# hipe2022:date = 1960-03-30	B-org
Marvin Lewis	NIL	Q665659 NIL	Q665659	True	False	# hipe2022:document_id = sn91068761-1960-03-30-a-i0003	# hipe2022:date = 1960-03-30	B-pers
North Carolina Kgg Associa ¬ tion	NIL	NIL	NIL	True	True	# hipe2022:document_id = sn91068761-1960-03-30-a-i0003	# hipe2022:date = 1960-03-30	B-org
Chairman Lewis	NIL	NIL	NIL	True	True	# hipe2022:document_id = sn91068761-1960-03-30-a-i0003	# hipe2022:date = 1960-03-30	B-pers
North Carolina	Q1454	Q1454 Q2334526 Q2555800 Q257940 Q192334	Q1454	True	True	# hipe2022:document_id = sn91068761-1960-03-30-a-i0003	# hipe2022:date = 1960-03-30	B-loc
North Carolina	Q1454	Q1454 Q2334526 Q2555800 Q257940 Q192334	Q1454	True	True	# hipe2022:document_id = sn91068761-1960-03-30-a-i0003	# hipe2022:date = 1960-03-30	B-loc
North Carolina	Q1454	Q1454 Q2334526 Q2555800 Q257940 Q192334	Q1454	True	True	# hipe2022:document_id = sn91068761-1960-03-30-a-i0003	# hipe2022:date = 1960-03-30	B-loc
North Atlantic	Q350134	Q97 NIL	Q97	False	False	# hipe2022:document_id = sn91068761-1960-03-30-a-i0003	# hipe2022:date = 1960-03-30	B-loc
Billy Hooks	NIL	NIL	NIL	True	True	# hipe2022:document_id = sn91068761-1960-03-30-a-i0003	# hipe2022:date = 1960-03-30	B-pers
Roger Harwood	NIL	NIL	NIL	True	True	# hipe2022:document_id = sn91068761-1960-03-30-a-i0003	# hipe2022:date = 1960-03-30	B-pers
Claud Hooks	NIL	NIL	NIL	True	True	# hipe2022:document_id = sn91068761-1960-03-30-a-i0003	# hipe2022:date = 1960-03-30	B-pers
Evunder Arnette	NIL	NIL	NIL	True	True	# hipe2022:document_id = sn91068761-1960-03-30-a-i0003	# hipe2022:date = 1960-03-30	B-pers
Loris Scouts	NIL	NIL	NIL	True	True	# hipe2022:document_id = sn91068761-1960-04-06-a-i0012	# hipe2022:date = 1960-04-06	B-org
Boy Scout Troop 843	NIL	NIL	NIL	True	True	# hipe2022:document_id = sn91068761-1960-04-06-a-i0012	# hipe2022:date = 1960-04-06	B-org
Clear Pond	NIL	NIL	NIL	True	True	# hipe2022:document_id = sn91068761-1960-04-06-a-i0012	# hipe2022:date = 1960-04-06	B-loc
First Bap ¬ tist Church	NIL	NIL	NIL	True	True	# hipe2022:document_id = sn91068761-1960-04-06-a-i0012	# hipe2022:date = 1960-04-06	B-org
Boy Scout Troop 843	NIL	NIL	NIL	True	True	# hipe2022:document_id = sn91068761-1960-04-06-a-i0012	# hipe2022:date = 1960-04-06	B-org
Loris	Q2338223	Q3428868 Q2338223 Q3259581	Q3428868	True	False	# hipe2022:document_id = sn91068761-1960-04-06-a-i0012	# hipe2022:date = 1960-04-06	B-loc
Horry District Scout Camporee	NIL	NIL	NIL	True	True	# hipe2022:document_id = sn91068761-1960-04-06-a-i0012	# hipe2022:date = 1960-04-06	B-loc
Clear Pond	NIL	NIL	NIL	True	True	# hipe2022:document_id = sn91068761-1960-04-06-a-i0012	# hipe2022:date = 1960-04-06	B-loc
Conway	Q659823	Q284143 Q16865734 Q1509392 Q6813954 Q32836087 Q1934037 Q22916685 Q5166685 Q2076159 Q659823 Q14212316 Q2023705 Q1134056 Q79853 Q745142 Q5166726 NIL Q2429132 Q61352 Q2416502 Q5166721 Q3398996 NIL	Q79853	True	False	# hipe2022:document_id = sn91068761-1960-04-06-a-i0012	# hipe2022:date = 1960-04-06	B-loc
Myrtle Beach	Q839805	Q1528300 Q839805	Q839805	True	True	# hipe2022:document_id = sn91068761-1960-04-06-a-i0012	# hipe2022:date = 1960-04-06	B-loc
Col . Gruenwald	NIL	NIL	NIL	True	True	# hipe2022:document_id = sn91068761-1960-04-06-a-i0012	# hipe2022:date = 1960-04-06	B-pers
Myrtle Beach Air Force Base	Q6948590	Q6948590 NIL	Q6948590	True	True	# hipe2022:document_id = sn91068761-1960-04-06-a-i0012	# hipe2022:date = 1960-04-06	B-loc
Loris troop	NIL	NIL	NIL	True	True	# hipe2022:document_id = sn91068761-1960-04-06-a-i0012	# hipe2022:date = 1960-04-06	B-org
First Baptist church	NIL	Q5452363 Q5452391 Q5452371 Q42725753 Q5452423 Q16993363 Q5452399 Q5452358 Q5452374 Q5452410 Q5452405 Q5452427 Q5452397 Q5452448 Q5522437 Q5452435 Q5452355 Q18150091 Q5452400 Q5452359 Q5452415 Q5452424 Q14706269 Q5452379 Q5452417 Q5452406 Q5452362 Q5452372 Q5452432 Q16993361 Q19864676 Q5452404 Q5452425 Q5452434 Q4722254 Q5452429 Q379451 Q5452430 Q5452396 Q30603634 Q5452357 Q5452444 Q5452395 Q5452367 Q5452428 Q16993357 Q5452377 Q55611681 Q28231834 Q5452387 Q48969432 Q5452416 Q5452364 Q5118125 Q23073310 Q5452360 Q5452422 Q15733791 Q5452375 Q5452368 Q7734084 Q5452471 Q5452398 Q14688357	Q42725753	False	False	# hipe2022:document_id = sn91068761-1960-04-06-a-i0012	# hipe2022:date = 1960-04-06	B-org
Francis Ragan	NIL	NIL	NIL	True	True	# hipe2022:document_id = sn91068761-1960-04-06-a-i0012	# hipe2022:date = 1960-04-06	B-pers
George Rent	NIL	NIL	NIL	True	True	# hipe2022:document_id = sn91068761-1960-04-06-a-i0012	# hipe2022:date = 1960-04-06	B-pers
George Lav	NIL	NIL	NIL	True	True	# hipe2022:document_id = sn91068761-1960-04-06-a-i0012	# hipe2022:date = 1960-04-06	B-pers
